id,param
1,"{""a"": -33193.10302712852, ""b"": -16943.609619312665, ""c"": 2949650.1864773347}"
2,"{""a"": -22709.23461916114, ""b"": -9492.736816367098, ""c"": 1935878.515510418}"
3,"{""a"": 25404.730224512252, ""b"": 11157.769775439461, ""c"": -2181157.809397735}"
4,"{""a"": 6193.1304932272415, ""b"": 20208.389282166354, ""c"": -1221292.2020283195}"
5,"{""a"": 37428.7445067636, ""b"": 21123.00109867766, ""c"": -3400261.7643934777}"
6,"{""a"": 19892.257690386865, ""b"": 12230.996704157922, ""c"": -1845454.1306679312}"
7,"{""a"": -17426.239013701586, ""b"": -30840.76538081612, ""c"": 2418600.49026522}"
8,"{""a"": -27844.876098683682, ""b"": -49840.87829579784, ""c"": 3884988.4770884397}"
9,"{""a"": -23649.774169905286, ""b"": -21217.51098613467, ""c"": 2464972.262823851}"
10,"{""a"": -37555.88378902875, ""b"": 1308.3618163530555, ""c"": 2528277.4430082096}"
11,"{""a"": -3133.10852045479, ""b"": -8985.360717784946, ""c"": 573076.1206404321}"
12,"{""a"": 50883.75549320998, ""b"": -27908.981323324973, ""c"": -2385718.8897856427}"
13,"{""a"": 27618.749999954573, ""b"": -52830.01098634487, ""c"": 196823.56052776653}"
14,"{""a"": -9107.995605405398, ""b"": -60822.015380924684, ""c"": 3033894.609258794}"
15,"{""a"": 31288.48571772854, ""b"": -47679.75769046621, ""c"": -258960.60753178896}"
16,"{""a"": 34314.75219730492, ""b"": -55232.99560529144, ""c"": -167956.59498804397}"
17,"{""a"": -29695.495605684788, ""b"": -62500.50659172382, ""c"": 4514077.810291789}"
18,"{""a"": -31654.138183570467, ""b"": -55108.13598624352, ""c"": 4356161.835985961}"
19,"{""a"": -24127.84423827346, ""b"": -36073.11401382005, ""c"": 3086481.2385383463}"
20,"{""a"": -8330.65795896788, ""b"": -2905.8837890583673, ""c"": 689846.6362673193}"
21,"{""a"": -15681.362915206171, ""b"": -417.3980712233788, ""c"": 1096206.6088650788}"
22,"{""a"": -4769.989013700039, ""b"": -15826.519775394474, ""c"": 956335.603319347}"
23,"{""a"": -20279.278564350738, ""b"": -4963.513183635652, ""c"": 1591859.0586570401}"
24,"{""a"": 7098.760986332576, ""b"": -6628.491210938904, ""c"": -222757.3332445739}"
25,"{""a"": 29433.38928229474, ""b"": -21016.104126014157, ""c"": -1187839.8010819918}"
26,"{""a"": 19313.992309713547, ""b"": -2722.494506882802, ""c"": -1216270.6333240257}"
27,"{""a"": 29177.984619168175, ""b"": 17203.49121088713, ""c"": -2682056.4975813814}"
28,"{""a"": -36235.13488767085, ""b"": 21425.61950677572, ""c"": 1645033.9368445708}"
29,"{""a"": -12622.205307833128, ""b"": -786.3739013367012, ""c"": 901206.762432277}"
30,"{""a"": 8148.67589610216, ""b"": -28660.501098563036, ""c"": 576508.9883656667}"
31,"{""a"": 14461.01074217135, ""b"": -30765.371704114354, ""c"": 225998.6897484731}"
32,"{""a"": -11794.50988749024, ""b"": 3836.233520425252, ""c"": 660149.9889342075}"
33,"{""a"": -26961.740112344916, ""b"": -20760.726928670698, ""c"": 2673220.3705913783}"
34,"{""a"": 282.376098607871, ""b"": -12036.373901385068, ""c"": 459450.00088742794}"
35,"{""a"": 23781.390380919886, ""b"": -13552.899169918652, ""c"": -1092523.6851086484}"
36,"{""a"": 37050.732421912966, ""b"": -31677.758789032254, ""c"": -1285992.8733253342}"
37,"{""a"": 38151.01318341791, ""b"": -40666.497802618105, ""c"": -1005982.2044831965}"
38,"{""a"": -21066.75109853785, ""b"": -12212.979125939277, ""c"": 1931631.3776928156}"
39,"{""a"": -40901.63269045747, ""b"": 23484.402465878273, ""c"": 1880791.267730325}"
40,"{""a"": -17718.75000017108, ""b"": 1986.7675781553917, ""c"": 1140221.3954573146}"
41,"{""a"": -42687.02087398126, ""b"": -21338.99230964404, ""c"": 3776135.0283127036}"
42,"{""a"": 6350.646972617236, ""b"": -15397.888183574853, ""c"": 175830.77527048477}"
43,"{""a"": 53356.50329591332, ""b"": -8430.770874117865, ""c"": -3325821.7890674165}"
44,"{""a"": 50052.36511230337, ""b"": -8416.104125963393, ""c"": -3099617.272476626}"
45,"{""a"": 8580.377197289992, ""b"": -40546.087646501735, ""c"": 1017769.9087514561}"
46,"{""a"": 23780.264282098102, ""b"": -63868.496704061676, ""c"": 896745.9301906511}"
47,"{""a"": 33584.60082986493, ""b"": -48076.88598611179, ""c"": -400863.26304018527}"
48,"{""a"": -45218.215942625844, ""b"": -24556.503295782684, ""c"": 4079081.1299330667}"
49,"{""a"": -39162.414550801885, ""b"": -8917.877197200847, ""c"": 3044804.918143082}"
50,"{""a"": -39432.34863279129, ""b"": -5140.118408315757, ""c"": 2913932.767222543}"
51,"{""a"": -4164.75219733595, ""b"": -27168.74999998409, ""c"": 1363401.1534389534}"
52,"{""a"": -12287.246704162018, ""b"": -37217.25769033607, ""c"": 2318598.4828572003}"
53,"{""a"": -20794.509887840264, ""b"": -9177.73132329174, ""c"": 1793911.7720379774}"
54,"{""a"": -14392.14477524674, ""b"": -9903.35083011857, ""c"": 1382888.6576150078}"
55,"{""a"": 17500.50659176304, ""b"": -24527.25219723364, ""c"": -229310.30874527866}"
56,"{""a"": 35345.26977551632, ""b"": -26453.265380947843, ""c"": -1378892.6644948795}"
57,"{""a"": 231.72912589343534, ""b"": -31576.49230950874, ""c"": 1235826.270137247}"
58,"{""a"": 22912.8936767892, ""b"": -26155.123901404913, ""c"": -536751.2328192674}"
59,"{""a"": -42725.28076171268, ""b"": -17622.01538093655, ""c"": 3635324.8827006947}"
60,"{""a"": 19930.259076254224, ""b"": -23506.869506790797, ""c"": -436849.0635831472}"
61,"{""a"": 10035.506663619859, ""b"": -32224.4934081711, ""c"": 587816.2871307319}"
62,"{""a"": 3649.0234374996694, ""b"": -19960.894775443616, ""c"": 541663.3842057117}"
63,"{""a"": 13243.469238328677, ""b"": -43024.49340822427, ""c"": 796101.8141379029}"
64,"{""a"": -33061.48681638808, ""b"": -37365.76538085221, ""c"": 3748277.376745603}"
65,"{""a"": -10513.119506836674, ""b"": -29194.876098648914, ""c"": 1878523.4750907142}"
66,"{""a"": 32211.007690514198, ""b"": -25312.47253413275, ""c"": -1205731.3342743167}"
67,"{""a"": 25261.85302729088, ""b"": -3828.350830044743, ""c"": -1578593.2093253906}"
68,"{""a"": 41612.640380706325, ""b"": 13487.640380965939, ""c"": -3385099.4459776003}"
69,"{""a"": -30534.76867677618, ""b"": -8959.487914982397, ""c"": 2452586.604475949}"
70,"{""a"": -42998.62060553235, ""b"": -33091.86401356804, ""c"": 4262089.906776684}"
71,"{""a"": -6150.366210907474, ""b"": -21065.624999954525, ""c"": 1258036.1396750964}"
72,"{""a"": -39693.38378901415, ""b"": -12301.885986381254, ""c"": 3213306.749457096}"
73,"{""a"": -13340.23132322081, ""b"": -1545.7489014429702, ""c"": 979405.1591506997}"
74,"{""a"": 53097.747802740734, ""b"": 11436.76757802321, ""c"": -4093759.965519177}"
75,"{""a"": 43359.741210939574, ""b"": 18373.48022461609, ""c"": -3699686.416893415}"
76,"{""a"": 33451.85852050703, ""b"": 32324.606323242628, ""c"": -3571291.184959374}"
77,"{""a"": 32886.035156211474, ""b"": 21669.76318354679, ""c"": -3111108.6719162734}"
78,"{""a"": 16793.975829939674, ""b"": 13563.006591897058, ""c"": -1685812.7225744128}"
79,"{""a"": -32365.118408485152, ""b"": -6019.848632711801, ""c"": 2463566.604438902}"
80,"{""a"": -42072.74780274997, ""b"": -31601.239013584964, ""c"": 4141685.7278113537}"
81,"{""a"": -26510.61401365251, ""b"": -45390.399170016244, ""c"": 3618426.5023827734}"
82,"{""a"": 14728.491210968203, ""b"": -55176.74560550375, ""c"": 1173631.5088646323}"
83,"{""a"": -41694.73571800854, ""b"": -34613.99230933675, ""c"": 4235186.539183848}"
84,"{""a"": -38759.65576183092, ""b"": -15280.883789204192, ""c"": 3269095.718076661}"
85,"{""a"": 2767.510986299346, ""b"": -13749.774169886568, ""c"": 356422.4402471622}"
86,"{""a"": 28945.129394545635, ""b"": -27730.15136713571, ""c"": -888749.9963561854}"
87,"{""a"": 40052.252197382164, ""b"": -41955.74340828965, ""c"": -1089151.6090896653}"
88,"{""a"": 10041.723632750773, ""b"": -51349.49340819409, ""c"": 1343872.739696572}"
89,"{""a"": -4051.0986327130718, ""b"": -39616.864013766186, ""c"": 1848070.0724990352}"
90,"{""a"": -37841.63818362244, ""b"": -26069.622802804566, ""c"": 3633868.07264421}"
91,"{""a"": 12685.770909881936, ""b"": -17371.142578126848, ""c"": -181728.68146156697}"
92,"{""a"": 16007.286879593423, ""b"": -7301.266479480244, ""c"": -808166.9407479775}"
93,"{""a"": 2772.0214844098664, ""b"": -24923.254394542277, ""c"": 798176.0639577978}"
94,"{""a"": -3568.5241699441904, ""b"": -42484.515380962184, ""c"": 1927807.380895488}"
95,"{""a"": -32506.86950689196, ""b"": -31885.867309490382, ""c"": 3493548.144127574}"
96,"{""a"": -16808.64257807551, ""b"": -34315.8508301279, ""c"": 2512855.940344337}"
97,"{""a"": 39009.40246584448, ""b"": -38701.12609856781, ""c"": -1142673.7438320469}"
98,"{""a"": 8294.595336916853, ""b"": -50016.384887678396, ""c"": 1411798.7909155828}"
99,"{""a"": 35039.273071186304, ""b"": -43791.75109860948, ""c"": -669153.8532119503}"
100,"{""a"": -11514.385986282496, ""b"": -33791.63818358006, ""c"": 2129480.3753701677}"
101,"{""a"": -34195.49560552503, ""b"": -37482.769775312845, ""c"": 3831676.816918205}"
102,"{""a"": -31828.491210988308, ""b"": -32634.008788904513, ""c"": 3477535.251278977}"
103,"{""a"": -23755.49011229672, ""b"": -31657.516479516766, ""c"": 2884929.485596128}"
104,"{""a"": -38728.15246558101, ""b"": -32963.62609876712, ""c"": 3964111.706531856}"
105,"{""a"": 32060.27526860182, ""b"": 479.2510985961417, ""c"": -2216581.573984023}"
106,"{""a"": 23447.24121098123, ""b"": 34492.51098632843, ""c"": -2970301.842662011}"
107,"{""a"": 33766.86401367433, ""b"": 40138.87939455663, ""c"": -3901908.9758846564}"
108,"{""a"": 38467.14477536859, ""b"": 44897.60742179899, ""c"": -4412722.474353087}"
109,"{""a"": 7997.6074216304205, ""b"": 56219.62280280277, ""c"": -2768667.027566175}"
110,"{""a"": 20171.255493196397, ""b"": 32062.47253420886, ""c"": -2649263.3052173015}"
111,"{""a"": -7852.478027375659, ""b"": -29112.78076170838, ""c"": 1693689.2205218007}"
112,"{""a"": -9679.50439453409, ""b"": -66375.00000006422, ""c"": 3292492.0112179443}"
113,"{""a"": -11129.644775411918, ""b"": -47561.627197278176, ""c"": 2648186.353639653}"
114,"{""a"": -59095.10192903573, ""b"": -24865.87829562594, ""c"": 5044681.16065606}"
115,"{""a"": -24450.787353619067, ""b"": -41107.489013738224, ""c"": 3307625.4719488155}"
116,"{""a"": -1061.9659422984726, ""b"": -53117.990112297644, ""c"": 2176155.3598495806}"
117,"{""a"": 32153.604125930797, ""b"": -38516.61071761593, ""c"": -682610.4793426844}"
118,"{""a"": 50545.12939459856, ""b"": -37992.37060552131, ""c"": -1966650.3225123116}"
119,"{""a"": 25432.855224710485, ""b"": -54482.62939456613, ""c"": 410447.03534141794}"
120,"{""a"": -31451.605224701972, ""b"": -54205.88378891859, ""c"": 4307395.802956299}"
121,"{""a"": -30261.373901410097, ""b"": -47932.88269049858, ""c"": 3977587.7742366297}"
122,"{""a"": -22609.0619255668, ""b"": -26710.867309676825, ""c"": 2612694.0506754396}"
123,"{""a"": 19614.705882337388, ""b"": -3112.8662109169454, ""c"": -1221668.9713580993}"
124,"{""a"": 24944.995117121704, ""b"": -14268.35632317396, ""c"": -1146861.2724832734}"
125,"{""a"": -8746.874999811173, ""b"": -49586.62719731283, ""c"": 2563769.435360315}"
126,"{""a"": -41888.28735357512, ""b"": -45625.50659168706, ""c"": 4680255.004226427}"
127,"{""a"": -23321.228027301313, ""b"": -27301.519775451707, ""c"": 2682250.1798929973}"
128,"{""a"": 32875.872802846236, ""b"": -10270.129394523065, ""c"": -1846023.6542972426}"
129,"{""a"": 28768.49670407952, ""b"": -13295.242309537527, ""c"": -1444653.720771573}"
130,"{""a"": 40182.769775292014, ""b"": -45137.27416984411, ""c"": -968837.8386498733}"
131,"{""a"": -25827.758788928266, ""b"": -45967.51098631536, ""c"": 3592959.347104849}"
132,"{""a"": -30218.637085002956, ""b"": -31939.86511224953, ""c"": 3339643.6911170348}"
133,"{""a"": -46795.49560561461, ""b"": -25798.480224377687, ""c"": 4234323.085335625}"
134,"{""a"": -26617.483520495374, ""b"": -8945.974731491398, ""c"": 2183367.930726066}"
135,"{""a"": -30022.88818335469, ""b"": -13483.135986428955, ""c"": 2596452.633219697}"
136,"{""a"": 16566.751098715893, ""b"": -40137.75329593949, ""c"": 452717.4330250968}"
137,"{""a"": -3110.641479495966, ""b"": -32099.60632328287, ""c"": 1485511.612703284}"
138,"{""a"": 32199.7741699204, ""b"": -9621.00219728452, ""c"": -1826936.8713065241}"
139,"{""a"": 17823.36730956031, ""b"": 7831.137084941754, ""c"": -1530044.8782715648}"
140,"{""a"": 2348.986816359, ""b"": 22801.51977539331, ""c"": -1059595.2823989014}"
141,"{""a"": 43800.787353870975, ""b"": 28977.758788920706, ""c"": -4149621.760783865}"
142,"{""a"": 30614.61181642467, ""b"": 28056.390380803216, ""c"": -3207848.491248128}"
143,"{""a"": 18214.865112362066, ""b"": -1042.8497313816151, ""c"": -1205983.6066043586}"
144,"{""a"": -37242.00439463109, ""b"": -21638.232421825625, ""c"": 3416361.439625874}"
145,"{""a"": -54681.72912634895, ""b"": -22634.99450655264, ""c"": 4653391.350928373}"
146,"{""a"": 6359.600830146233, ""b"": -41617.144775352135, ""c"": 1211757.2515044203}"
147,"{""a"": -20513.232421768247, ""b"": -40965.76538088918, ""c"": 3031656.828904673}"
148,"{""a"": 27048.36730950657, ""b"": -31010.641479392296, ""c"": -628714.2026973251}"
149,"{""a"": 46655.996704203804, ""b"": -22540.51208502472, ""c"": -2310431.990177842}"
150,"{""a"": 39851.99890152675, ""b"": -16580.26428235779, ""c"": -2078678.622060826}"
151,"{""a"": -18813.372802769987, ""b"": -43914.385986297, ""c"": 3032232.565903926}"
152,"{""a"": -39039.752197296846, ""b"": -54047.241211004366, ""c"": 4822458.910367031}"
153,"{""a"": -48054.71622239686, ""b"": -39454.870605592376, ""c"": 4864936.2977242675}"
154,"{""a"": 7726.232192080542, ""b"": -23385.360717723823, ""c"": 396776.39434968506}"
155,"{""a"": 45664.01367177299, ""b"": -22907.263183495117, ""c"": -2229099.2151000393}"
156,"{""a"": 21753.012084862195, ""b"": 31052.27966319644, ""c"": -2716014.013028603}"
157,"{""a"": -22818.38378911825, ""b"": -22478.631591757476, ""c"": 2457176.6274970784}"
158,"{""a"": -20938.48571764719, ""b"": -62255.264282322765, ""c"": 3900650.5133694704}"
159,"{""a"": 682.8552244848405, ""b"": -49476.379394459385, ""c"": 1912336.3056163576}"
160,"{""a"": 32533.895873977646, ""b"": -18023.64807124567, ""c"": -1516041.8343491603}"
161,"{""a"": 52319.25659157023, ""b"": -2083.502197125461, ""c"": -3503558.6418662113}"
162,"{""a"": -24811.88049316089, ""b"": -14405.630493107976, ""c"": 2275507.0950598205}"
163,"{""a"": -38746.14257815441, ""b"": -20921.64916983762, ""c"": 3489183.174765226}"
164,"{""a"": -32335.8673097425, ""b"": -32995.156860196745, ""c"": 3526598.9495753967}"
165,"{""a"": -41315.6249999615, ""b"": -49609.14916994753, ""c"": 4799590.491110127}"
166,"{""a"": -31822.86071761368, ""b"": -28573.87390152412, ""c"": 3316573.766428955}"
167,"{""a"": 36778.46374511835, ""b"": -20330.99670417179, ""c"": -1717529.2900821415}"
168,"{""a"": -13112.979125910359, ""b"": -38578.51867681004, ""c"": 2428193.467389488}"
169,"{""a"": 32262.75329597962, ""b"": -51117.76428229147, ""c"": -190748.86850276176}"
170,"{""a"": 9948.367309445886, ""b"": -60757.88269030594, ""c"": 1722117.3860204944}"
171,"{""a"": -8824.520873989257, ""b"": -56679.757690493076, ""c"": 2849660.173568886}"
172,"{""a"": 21690.032959200227, ""b"": -29571.73461926813, ""c"": -316909.3662207165}"
173,"{""a"": 23864.611816441527, ""b"": 210.38818356938282, ""c"": -1643537.7743850034}"
174,"{""a"": 42022.12829586376, ""b"": 12252.365112442349, ""c"": -3366325.259509286}"
175,"{""a"": -24330.377197382266, ""b"": -3871.1425780544087, ""c"": 1827327.040463898}"
176,"{""a"": -34809.741211286455, ""b"": -35657.99560527854, ""c"": 3803540.8330395157}"
177,"{""a"": 6772.494506718625, ""b"": -36960.72692864454, ""c"": 999315.8643166502}"
178,"{""a"": -23395.495605297187, ""b"": -35142.7368164254, ""c"": 2999415.33357662}"
179,"{""a"": 32111.993408182905, ""b"": -47279.22363278978, ""c"": -333369.18297527777}"
180,"{""a"": 19906.86950688476, ""b"": -34063.851928761425, ""c"": -17421.08002607707}"
181,"{""a"": 48501.013183767434, ""b"": -21923.9868165441, ""c"": -2461579.965582653}"
182,"{""a"": 1342.1173095787058, ""b"": -23394.369506842173, ""c"": 836303.2980801138}"
183,"{""a"": -41865.737915106, ""b"": -30591.018676824067, ""c"": 4089313.51460988}"
184,"{""a"": -46300.264246235136, ""b"": -44221.50878921079, ""c"": 4932829.660667659}"
185,"{""a"": -4268.098000906368, ""b"": -49411.14807122171, ""c"": 2249853.2032033647}"
186,"{""a"": 44192.01660142645, ""b"": -35489.27307119423, ""c"": -1630533.6513628585}"
187,"{""a"": 24555.377197059173, ""b"": -16765.90576164369, ""c"": -1018009.011959328}"
188,"{""a"": 21696.76208498101, ""b"": -10552.505493193901, ""c"": -1067539.2151796417}"
189,"{""a"": 10054.110717822232, ""b"": -46283.61511229661, ""c"": 1143391.1198159738}"
190,"{""a"": -26592.73681660542, ""b"": -62779.50439437607, ""c"": 4309267.422798054}"
191,"{""a"": 5586.740112319909, ""b"": -40009.48791508645, ""c"": 1201698.0059975334}"
192,"{""a"": 34319.25659159607, ""b"": -11002.478027268997, ""c"": -1916062.6985289128}"
193,"{""a"": 15982.882690361876, ""b"": -21475.112915073143, ""c"": -244056.8290192691}"
194,"{""a"": -44554.5043945496, ""b"": -49945.495605329794, ""c"": 5035017.226649819}"
195,"{""a"": -31127.618408241564, ""b"": -33271.874999790714, ""c"": 3454626.134294596}"
196,"{""a"": -47761.880493114055, ""b"": -11419.876098717403, ""c"": 3732382.6242217133}"
197,"{""a"": -29820.382690174345, ""b"": -28011.373901471114, ""c"": 3156908.8994006473}"
198,"{""a"": 44851.4923095802, ""b"": -46329.75769045662, ""c"": -1243910.2541194865}"
199,"{""a"": 1905.7708740199944, ""b"": -51174.014282197284, ""c"": 1895212.936491998}"
200,"{""a"": 26826.745605551896, ""b"": -48217.5109864344, ""c"": 67751.87129823667}"
201,"{""a"": 25390.11840815022, ""b"": -48583.13598634387, ""c"": 180821.7321362116}"
202,"{""a"": -17923.507690177765, ""b"": -59004.02526873836, ""c"": 3566200.6123862057}"
203,"{""a"": 7333.868408270392, ""b"": -62656.89697267244, ""c"": 1976559.3457525524}"
204,"{""a"": -2688.7390135497435, ""b"": -51529.50439449202, ""c"": 2224868.7602973757}"
205,"{""a"": 32405.630493138455, ""b"": -27401.632690352606, ""c"": -1138520.450364448}"
206,"{""a"": -2061.007690465619, ""b"": -23930.99670409291, ""c"": 1091039.0603582656}"
207,"{""a"": -11548.141479551596, ""b"": -37675.112915015765, ""c"": 2285801.311518966}"
208,"{""a"": -10981.10961925623, ""b"": -41880.37719727916, ""c"": 2413080.1958092554}"
209,"{""a"": 132.7423096080486, ""b"": -49473.00109856758, ""c"": 1949882.2088037282}"
210,"{""a"": 29347.860717606858, ""b"": -58100.61950664697, ""c"": 284251.82320801204}"
211,"{""a"": 9450.027465867164, ""b"": -58095.016479495636, ""c"": 1650809.7559173272}"
212,"{""a"": 34363.11950696018, ""b"": -45640.145874041205, ""c"": -552879.049728596}"
213,"{""a"": -1573.8739013347315, ""b"": -27115.878295870723, ""c"": 1183742.3535580756}"
214,"{""a"": -39581.98242187693, ""b"": -19286.993408270624, ""c"": 3485570.013041435}"
215,"{""a"": -23245.441750869624, ""b"": -32436.007690487517, ""c"": 2882863.406704629}"
216,"{""a"": -11391.865808881217, ""b"": -44173.11401358606, ""c"": 2532306.535538741}"
217,"{""a"": 21117.993163963176, ""b"": -24567.70935053532, ""c"": -476615.1706075114}"
218,"{""a"": 2940.737915037699, ""b"": -35126.99890141708, ""c"": 1190154.5851918843}"
219,"{""a"": 14678.99780276307, ""b"": -12707.995605511838, ""c"": -500996.8891833095}"
220,"{""a"": 32276.23901358974, ""b"": 7818.75000008737, ""c"": -2519293.777013505}"
221,"{""a"": -3383.9813232880792, ""b"": -21116.244506868166, ""c"": 1070452.8195387237}"
222,"{""a"": -4552.899169859898, ""b"": -56955.37719736741, ""c"": 2567088.8643643954}"
223,"{""a"": 16371.002197240872, ""b"": -57874.49340833771, ""c"": 1167921.5355752555}"
224,"{""a"": 18455.63049318283, ""b"": -31926.35192878955, ""c"": -636.3399945187791}"
225,"{""a"": -45429.73022466619, ""b"": -5053.491210864115, ""c"": 3320734.415444418}"
226,"{""a"": -39795.748901548395, ""b"": -12183.755493008575, ""c"": 3215942.5393052986}"
227,"{""a"": -50284.121704078134, ""b"": -22845.382690540544, ""c"": 4357060.865672024}"
228,"{""a"": 323.98681645749576, ""b"": -33876.013183640476, ""c"": 1319902.4309065328}"
229,"{""a"": 41388.739013653045, ""b"": -42239.245605551405, ""c"": -1167922.3721191583}"
230,"{""a"": 18283.50219725611, ""b"": -50309.967041101554, ""c"": 736914.823444602}"
231,"{""a"": 9097.888183558849, ""b"": -51915.34423833864, ""c"": 1430872.5971115974}"
232,"{""a"": 39032.99560542872, ""b"": -47463.739013826096, ""c"": -799973.2740313772}"
233,"{""a"": -18568.13049290693, ""b"": -50041.104126241145, ""c"": 3256199.5871510096}"
234,"{""a"": 4623.733520467543, ""b"": -43033.47473150949, ""c"": 1387020.209302481}"
235,"{""a"": -14192.990112291958, ""b"": -39946.48132323969, ""c"": 2556947.664793949}"
236,"{""a"": 23050.140380904606, ""b"": -43214.61181644019, ""c"": 128879.58753028007}"
237,"{""a"": 6172.860717800056, ""b"": -45563.62609871082, ""c"": 1380641.123582188}"
238,"{""a"": 1973.2269287720317, ""b"": -53574.74670422426, ""c"": 1985657.126587568}"
239,"{""a"": -12049.83215337347, ""b"": -61822.128295980714, ""c"": 3274668.126662481}"
240,"{""a"": 8569.088745145893, ""b"": -61597.12829591876, ""c"": 1849648.0619266275}"
241,"{""a"": 1378.124999975335, ""b"": -33436.12060551626, ""c"": 1230572.8878056959}"
242,"{""a"": 13313.28735355147, ""b"": -9335.247802771595, ""c"": -541775.1546030417}"
243,"{""a"": 16629.730224690153, ""b"": -7919.989013739327, ""c"": -825530.2634763937}"
244,"{""a"": 417.37060545383844, ""b"": -10702.111816419634, ""c"": 398194.638978604}"
245,"{""a"": -39979.11071778554, ""b"": -20125.112915128964, ""c"": 3545981.202374073}"
246,"{""a"": 660.7048483367482, ""b"": -31979.251098697478, ""c"": 1222218.9598979044}"
247,"{""a"": -11000.132123174846, ""b"": -46058.64257814915, ""c"": 2579913.3950177943}"
248,"{""a"": -1414.0136718803958, ""b"": -40731.75659182568, ""c"": 1710652.183007796}"
249,"{""a"": 20075.61950683114, ""b"": -26692.84973133936, ""c"": -318367.1549263439}"
250,"{""a"": -10775.25329589396, ""b"": -40792.48352051648, ""c"": 2354809.5213852287}"
251,"{""a"": 10655.996704050922, ""b"": -14244.735717799394, ""c"": -164316.24990394764}"
252,"{""a"": 23667.76428232558, ""b"": 9258.755493155742, ""c"": -1985687.3330753113}"
253,"{""a"": 21874.493408219, ""b"": -8381.249999975247, ""c"": -1165570.9405767135}"
254,"{""a"": 29064.385986219764, ""b"": -46582.91015618962, ""c"": -149186.49409742988}"
255,"{""a"": -33094.14367663542, ""b"": -33674.66125488562, ""c"": 3605394.488547622}"
256,"{""a"": -49414.471435603176, ""b"": -5013.006591712678, ""c"": 3592553.563660202}"
257,"{""a"": -30702.392578223335, ""b"": -2991.357421740715, ""c"": 2228662.7391371825}"
258,"{""a"": -30755.236816358858, ""b"": -20951.971435588246, ""c"": 2942055.1274474193}"
259,"{""a"": 18191.24450671704, ""b"": -47317.48352040254, ""c"": 624883.7917673049}"
260,"{""a"": 30094.84863289486, ""b"": -45527.618408231436, ""c"": -262817.0989348925}"
261,"{""a"": 38828.265380817604, ""b"": -46707.76977534531, ""c"": -815611.3767689429}"
262,"{""a"": 2482.8826904564135, ""b"": -59032.15026861606, ""c"": 2166204.8681875416}"
263,"{""a"": 16963.8793944989, ""b"": -34799.6337889772, ""c"": 214532.24882392318}"
264,"{""a"": -26768.270873898982, ""b"": -1953.0120851236352, ""c"": 1918708.2315652682}"
265,"{""a"": -22406.616211027558, ""b"": 26269.848632879402, ""c"": 503953.2016636947}"
266,"{""a"": 1370.2423095622312, ""b"": 34649.97253410594, ""c"": -1459701.2212718604}"
267,"{""a"": 20757.376098649365, ""b"": 24647.634887738204, ""c"": -2395612.212771386}"
268,"{""a"": 26202.392578179344, ""b"": 9259.881591731602, ""c"": -2161416.6856929855}"
269,"{""a"": 14743.103027404282, ""b"": -15528.405761789218, ""c"": -394901.9247755419}"
270,"{""a"": -888.7390136794759, ""b"": -31211.993408196435, ""c"": 1298421.419021864}"
271,"{""a"": -3438.006591812199, ""b"": -30590.9912108794, ""c"": 1448966.8816592179}"
272,"{""a"": -29484.008789080846, ""b"": -15882.769775384295, ""c"": 2656709.1260767556}"
273,"{""a"": -10797.720336940525, ""b"": 14989.498901351632, ""c"": 153142.8267388821}"
274,"{""a"": 18491.61071785205, ""b"": 35823.36730946198, ""c"": -2682178.5058528646}"
275,"{""a"": 12704.617309555419, ""b"": 24456.36291502978, ""c"": -1835418.9600358417}"
276,"{""a"": -27679.50439452821, ""b"": 9292.510986303285, ""c"": 1538343.042733011}"
277,"{""a"": 3786.379825341947, ""b"": 5526.013183601339, ""c"": -474759.4212730558}"
278,"{""a"": 7016.799747244805, ""b"": -2858.615112318301, ""c"": -365386.1592082446}"
279,"{""a"": -18480.004882757552, ""b"": -8129.251098681623, ""c"": 1594964.4429747874}"
280,"{""a"": 36178.88488740175, ""b"": 3540.371704284051, ""c"": -2617503.06106801}"
281,"{""a"": 4543.862914990665, ""b"": -13782.376098654086, ""c"": 236750.3163417456}"
282,"{""a"": -9982.122802720169, ""b"": -35011.12060554813, ""c"": 2071939.3455755878}"
283,"{""a"": 20441.271972696657, ""b"": -34649.999999982094, ""c"": -29269.02824749839}"
284,"{""a"": 34610.6140136785, ""b"": -26519.62280273652, ""c"": -1322559.1015476086}"
285,"{""a"": 25774.914550621754, ""b"": 2235.3881836468936, ""c"": -1852592.5862033155}"
286,"{""a"": -52627.53295897451, ""b"": 12150.000000114, ""c"": 3134827.709597175}"
287,"{""a"": -39948.733520571455, ""b"": -6444.003295830356, ""c"": 2999594.323587187}"
288,"{""a"": -22736.288452251145, ""b"": -25897.494506721734, ""c"": 2587172.8431421835}"
289,"{""a"": -6403.491210888805, ""b"": -40254.73022464877, ""c"": 2033668.3569546973}"
290,"{""a"": 24451.88598617936, ""b"": -44501.60522453609, ""c"": 83945.45023314324}"
291,"{""a"": 9458.981323251328, ""b"": -31916.244506847215, ""c"": 615648.4313428971}"
292,"{""a"": 40725.027465791, ""b"": -11996.987915018166, ""c"": -2317423.405249362}"
293,"{""a"": -1092.3706054654783, ""b"": 2005.8837890654465, ""c"": -338.6279452873292}"
294,"{""a"": -18506.249999971875, ""b"": 16818.75000002114, ""c"": 609736.6013155932}"
295,"{""a"": -31855.517578017625, ""b"": 24529.504394419047, ""c"": 1221483.2869080727}"
296,"{""a"": -37591.864013949205, ""b"": 16579.138183754265, ""c"": 1929454.7423146376}"
297,"{""a"": 10221.73461916121, ""b"": 14532.769775365332, ""c"": -1272508.0515751212}"
298,"{""a"": 26909.994506846127, ""b"": 9530.996704191813, ""c"": -2220739.86387298}"
299,"{""a"": 30222.015381003177, ""b"": 14746.50878898926, ""c"": -2654251.509139366}"
300,"{""a"": 3585.38818370801, ""b"": 46672.888183547744, ""c"": -2086580.931890794}"
301,"{""a"": 25079.589843828704, ""b"": 47545.86181652568, ""c"": -3597222.2886606376}"
302,"{""a"": 11849.661254868355, ""b"": 5668.862915029595, ""c"": -1033872.2978959715}"
303,"{""a"": -36337.527465831874, ""b"": -17473.5076904604, ""c"": 3190320.255457026}"
304,"{""a"": -44185.47363288262, ""b"": -8104.504394494565, ""c"": 3359192.736194161}"
305,"{""a"": 9431.982421980461, ""b"": 13509.008789029473, ""c"": -1178046.1259519847}"
306,"{""a"": 14388.73901366874, ""b"": 32251.519775377397, ""c"": -2259150.7950889845}"
307,"{""a"": -26546.621704059573, ""b"": 44598.36730956363, ""c"": 65372.43488049484}"
308,"{""a"": 17202.72863054558, ""b"": 32977.11181646766, ""c"": -2481345.9734192495}"
309,"{""a"": 14733.519071654911, ""b"": 18907.855224614126, ""c"": -1755755.5750202255}"
310,"{""a"": -34906.00585933935, ""b"": 34458.72802728989, ""c"": 1040858.8157701454}"
311,"{""a"": 45431.98242165438, ""b"": -37806.75659154865, ""c"": -1618453.888033312}"
312,"{""a"": 19464.75219731458, ""b"": -44657.99560545612, ""c"": 433262.914051014}"
313,"{""a"": -17096.62170408125, ""b"": -31235.64147954557, ""c"": 2410779.5574729443}"
314,"{""a"": -7561.120605487763, ""b"": 3520.12939454391, ""c"": 383510.5745857652}"
315,"{""a"": 15842.257690423767, ""b"": 42160.50109861883, ""c"": -2748627.4487981745}"
316,"{""a"": 20145.382690381804, ""b"": 37803.37829599155, ""c"": -2871699.4465488554}"
317,"{""a"": -14663.25988774505, ""b"": -4445.974731400667, ""c"": 1185747.5485551155}"
318,"{""a"": -17943.750000084157, ""b"": -45821.228027275516, ""c"": 3045532.1312744413}"
319,"{""a"": -7328.265380956949, ""b"": -63780.74340808957, ""c"": 3026673.8381217164}"
320,"{""a"": -9193.49670420477, ""b"": -62041.5252685284, ""c"": 3085957.152113284}"
321,"{""a"": -10686.373901388628, ""b"": -19866.38488775978, ""c"": 1522110.996471609}"
322,"{""a"": -8221.508789031077, ""b"": 20367.004394516996, ""c"": -236639.92607276037}"
323,"{""a"": 38019.39697264343, ""b"": 20833.868408225862, ""c"": -3428900.482139606}"
324,"{""a"": -11938.485717785137, ""b"": 20382.742309586516, ""c"": 18080.70945756025}"
325,"{""a"": -35266.52526853411, ""b"": 33176.26647952627, ""c"": 1113984.0026293818}"
326,"{""a"": -25663.485717680487, ""b"": 36033.75549304648, ""c"": 341840.05840890843}"
327,"{""a"": -33304.50439469111, ""b"": 33504.73022471517, ""c"": 966348.2189933058}"
328,"{""a"": 11686.486816434523, ""b"": 29798.986816360673, ""c"": -1976266.6795655696}"
329,"{""a"": 36066.38488766462, ""b"": 24179.617309685782, ""c"": -3428252.5354333622}"
330,"{""a"": -3783.389282164438, ""b"": 43813.11950683369, ""c"": -1467563.2166179467}"
331,"{""a"": 8133.78295887998, ""b"": 41343.74999994436, ""c"": -2188377.8734113476}"
332,"{""a"": 36878.604126055565, ""b"": 24123.36730969249, ""c"": -3482111.804713012}"
333,"{""a"": 43216.89147924242, ""b"": 22834.121704166457, ""c"": -3866494.701912594}"
334,"{""a"": -38028.4057617138, ""b"": 16300.140380794342, ""c"": 1972023.6408942589}"
335,"{""a"": -40946.594238382546, ""b"": 5383.135986404493, ""c"": 2603793.8319207514}"
336,"{""a"": -29797.8881836253, ""b"": 19760.614013765007, ""c"": 1269901.0328888067}"
337,"{""a"": 4492.11730962191, ""b"": 50144.5953368552, ""c"": -2286221.0440838607}"
338,"{""a"": -8887.499999896525, ""b"": 30035.247802664657, ""c"": -572497.8241544401}"
339,"{""a"": 33307.419002693154, ""b"": 6886.14807136383, ""c"": -2557012.6576157743}"
340,"{""a"": 21262.24149815595, ""b"": -3092.5964355478645, ""c"": -1335109.5773656606}"
341,"{""a"": -45295.99609355603, ""b"": -13891.49780285883, ""c"": 3665232.475834383}"
342,"{""a"": 60861.34643511915, ""b"": -3686.627196963658, ""c"": -4024660.5653207283}"
343,"{""a"": -21692.230224585688, ""b"": 28892.23022463583, ""c"": 350480.15168495197}"
344,"{""a"": -25602.75878908006, ""b"": 65132.99560547208, ""c"": -812964.8831928967}"
345,"{""a"": -25058.24890133548, ""b"": 56380.49011224243, ""c"": -504552.2882000943}"
346,"{""a"": 29705.63049310788, ""b"": 21373.87390144286, ""c"": -2878485.8700018814}"
347,"{""a"": 28595.24230944244, ""b"": 3417.7642823045317, ""c"": -2092958.597208052}"
348,"{""a"": 19597.494506812767, ""b"": 2956.5032958501215, ""c"": -1457402.4470790213}"
349,"{""a"": -8383.50219727298, ""b"": 510.7543945456291, ""c"": 559112.5018081028}"
350,"{""a"": -18632.235717765237, ""b"": 20213.992309644087, ""c"": 483999.58091388067}"
351,"{""a"": -22263.73901373338, ""b"": 42848.98681639707, ""c"": -160981.08902282213}"
352,"{""a"": -35781.78405731588, ""b"": 38839.49890122596, ""c"": 925123.5741807626}"
353,"{""a"": -7264.105224608832, ""b"": 22744.11621091635, ""c"": -396262.74916759745}"
354,"{""a"": 47205.01098631437, ""b"": 12134.234619150593, ""c"": -3715694.8055109247}"
355,"{""a"": 5917.5109863105135, ""b"": -14456.249999999403, ""c"": 168765.35062527008}"
356,"{""a"": -44023.53515612219, ""b"": -36348.760986299516, ""c"": 4461843.796475996}"
357,"{""a"": -33212.21923809414, ""b"": -22900.50659200689, ""c"": 3188380.773867828}"
358,"{""a"": -43336.14807154164, ""b"": -2791.104125873724, ""c"": 3089018.5119151315}"
359,"{""a"": -2541.357421893583, ""b"": 25174.12719725908, ""c"": -816655.6318420327}"
360,"{""a"": 24684.74121096034, ""b"": 56402.98461920946, ""c"": -3919769.5366635295}"
361,"{""a"": -886.514282263712, ""b"": 45254.25109857667, ""c"": -1723425.7260923374}"
362,"{""a"": 28803.40576189398, ""b"": 24157.122802590406, ""c"": -2928861.126661924}"
363,"{""a"": 33297.74780287609, ""b"": 24288.739013762868, ""c"": -3242716.3762645475}"
364,"{""a"": 47156.616210621076, ""b"": 25219.116211028188, ""c"": -4231311.095929114}"
365,"{""a"": -28474.887084952283, ""b"": 18259.854125947662, ""c"": 1238392.9700322854}"
366,"{""a"": -30637.10632330081, ""b"": 9313.851928751414, ""c"": 1740323.59850554}"
367,"{""a"": -33181.86950705088, ""b"": -11989.13269031798, ""c"": 2756699.8693493414}"
368,"{""a"": -16159.515380831463, ""b"": -18337.499999993328, ""c"": 1838075.0242364053}"
369,"{""a"": -10838.25988768101, ""b"": 24374.240112286247, ""c"": -214821.72317530285}"
370,"{""a"": 31550.821461333726, ""b"": 51340.48461918828, ""c"": -4192565.6706450963}"
371,"{""a"": 40171.7802159718, ""b"": 43094.22912595945, ""c"": -4459167.2143975645}"
372,"{""a"": -45947.99804675971, ""b"": 34535.24780266498, ""c"": 1796851.756065273}"
373,"{""a"": 6276.351928398509, ""b"": 457.8826904584603, ""c"": -444643.89953110035}"
374,"{""a"": -40729.476928750744, ""b"": 41501.266479559796, ""c"": 1158155.5556564927}"
375,"{""a"": -36576.01318353123, ""b"": 35271.00219721394, ""c"": 1119357.1287895625}"
376,"{""a"": -4894.876098589611, ""b"": 34833.38928219166, ""c"": -1036573.1003662691}"
377,"{""a"": 37244.25659175568, ""b"": 42138.00659180769, ""c"": -4215891.969785199}"
378,"{""a"": 25957.122802609247, ""b"": 55193.60961925529, ""c"": -3957231.5860707737}"
379,"{""a"": 33109.88159170651, ""b"": 44780.60302730295, ""c"": -4036666.166518983}"
380,"{""a"": -1004.6447753938737, ""b"": 26335.107421836146, ""c"": -967321.9921933713}"
381,"{""a"": -31847.60742199144, ""b"": 12468.38378916627, ""c"": 1696821.0603371426}"
382,"{""a"": -26527.505493156532, ""b"": 7312.527465800296, ""c"": 1535395.712074554}"
383,"{""a"": -35492.62390121257, ""b"": 15296.621703981378, ""c"": 1835277.7894686244}"
384,"{""a"": -5304.364013718215, ""b"": 29143.103027357112, ""c"": -783543.3142139608}"
385,"{""a"": 41824.12719720174, ""b"": 43174.127197336056, ""c"": -4572506.7138045505}"
386,"{""a"": 43328.23791502545, ""b"": 37734.7686767655, ""c"": -4460894.918776835}"
387,"{""a"": -47657.263183469266, ""b"": 25850.28076171814, ""c"": 2254281.6380224843}"
388,"{""a"": -44053.85742161933, ""b"": 26877.392577852035, ""c"": 1966337.2735528017}"
389,"{""a"": -42618.38378934506, ""b"": 16891.864013802726, ""c"": 2262215.5933446134}"
390,"{""a"": -26194.482421908127, ""b"": 11861.993408225324, ""c"": 1333251.6428465515}"
391,"{""a"": 27811.120605497817, ""b"": 1159.881591881749, ""c"": -1952210.6757637106}"
392,"{""a"": 17785.107421939407, ""b"": -9489.385986364618, ""c"": -843100.4745742092}"
393,"{""a"": 29189.273071458098, ""b"": -7449.746704233701, ""c"": -1706814.3233324997}"
394,"{""a"": 36507.37609870859, ""b"": -11176.85852034975, ""c"": -2062174.7947731062}"
395,"{""a"": 48279.36401336597, ""b"": -16439.611816259174, ""c"": -2662806.883613645}"
396,"{""a"": -11213.992309569741, ""b"": -27863.992309557696, ""c"": 1874783.7005304687}"
397,"{""a"": -34028.997802798905, ""b"": -32786.99340818681, ""c"": 3636402.4862556197}"
398,"{""a"": -22739.639282301603, ""b"": -18534.34753408301, ""c"": 2297906.3509611124}"
399,"{""a"": -37015.87829592066, ""b"": -1771.8475341230878, ""c"": 2616545.0477745594}"
400,"{""a"": -36077.61840819911, ""b"": 1612.1337890080977, ""c"": 2418415.864007915}"
401,"{""a"": 11993.296185588866, ""b"": 20665.11840822357, ""c"": -1637018.7156675623}"
402,"{""a"": 46728.00723800468, ""b"": 42725.25329589228, ""c"": -4895101.116561797}"
403,"{""a"": -48766.01562487487, ""b"": 47488.51318346652, ""c"": 1478820.1832188794}"
404,"{""a"": -49866.77856416332, ""b"": 44765.9912107431, ""c"": 1655878.1202804656}"
405,"{""a"": -24342.736816483863, ""b"": 43478.99780282361, ""c"": -43924.93970309571}"
406,"{""a"": -44799.74670391168, ""b"": 41546.25549304321, ""c"": 1435598.986953113}"
407,"{""a"": 17767.117309668454, ""b"": 27545.608520472557, ""c"": -2303305.3634696957}"
408,"{""a"": 40137.753295875045, ""b"": -5314.498901316838, ""c"": -2540119.979210283}"
409,"{""a"": 29184.741210807082, ""b"": -24491.217040946678, ""c"": -1031286.2212691051}"
410,"{""a"": 41467.538452134744, ""b"": -25663.485717845586, ""c"": -1827707.6685829412}"
411,"{""a"": -4179.418945304141, ""b"": -12400.872802711801, ""c"": 780510.5067352903}"
412,"{""a"": -31045.495605551547, ""b"": 3838.5131837257286, ""c"": 1982641.277679912}"
413,"{""a"": -33090.73791501772, ""b"": 14755.490112263062, ""c"": 1691818.7533418545}"
414,"{""a"": -41181.72912577395, ""b"": 19023.73352040186, ""c"": 2078507.138944442}"
415,"{""a"": -18536.627197270565, ""b"": 24098.62060549061, ""c"": 323890.42664284795}"
416,"{""a"": 37394.989013676706, ""b"": 27728.99780272814, ""c"": -3658445.771576012}"
417,"{""a"": 59536.12060542679, ""b"": 21389.61181638525, ""c"": -4927856.118251905}"
418,"{""a"": -29009.262084934613, ""b"": -1581.784057582634, ""c"": 2057649.8028380142}"
419,"{""a"": -43716.35742156891, ""b"": -21594.3969729268, ""c"": 3857701.8997852057}"
420,"{""a"": -43453.12500025737, ""b"": -11111.62719717023, ""c"": 3425605.588705613}"
421,"{""a"": -36950.61950686623, ""b"": 5509.121704143123, ""c"": 2322703.669617138}"
422,"{""a"": 32176.12609860909, ""b"": 22602.365112387473, ""c"": -3098869.023919794}"
423,"{""a"": 30364.865112379015, ""b"": 16306.86950673491, ""c"": -2725849.037766617}"
424,"{""a"": 43388.99230976718, ""b"": -12512.246704306657, ""c"": -2482011.977979357}"
425,"{""a"": 34764.752197302085, ""b"": -21242.23022444048, ""c"": -1544932.3507171816}"
426,"{""a"": 44687.24670379649, ""b"": -10644.73571763534, ""c"": -2644974.32521033}"
427,"{""a"": 14167.144775403358, ""b"": -21009.37499998159, ""c"": -139329.7814270782}"
428,"{""a"": -38394.00329590769, ""b"": -37102.50549322144, ""c"": 4106697.5440473976}"
429,"{""a"": -39413.2598878336, ""b"": -30316.525268434132, ""c"": 3908697.666348427}"
430,"{""a"": -47636.993408215654, ""b"": -19784.289550718684, ""c"": 4057679.91580802}"
431,"{""a"": -35993.270874028414, ""b"": -12631.50329597199, ""c"": 2975214.722140698}"
432,"{""a"": -25012.53050813462, ""b"": 8138.30089706849, ""c"": 1400434.8306123223}"
433,"{""a"": 43447.74816175924, ""b"": 19467.004394536692, ""c"": -3751046.6484023347}"
434,"{""a"": -49604.003906079655, ""b"": 19131.756591694488, ""c"": 2656439.1975402515}"
435,"{""a"": -45694.14367643652, ""b"": 36502.87170392396, ""c"": 1696035.4986193166}"
436,"{""a"": -20590.87829590668, ""b"": 29865.371704099118, ""c"": 236384.96963567295}"
437,"{""a"": -47281.50329582992, ""b"": 30528.01208487297, ""c"": 2040982.046911921}"
438,"{""a"": 42573.39477559834, ""b"": 22204.138183515497, ""c"": -3794031.779407215}"
439,"{""a"": 36331.84204090675, ""b"": 34063.879394574455, ""c"": -3834211.1987323337}"
440,"{""a"": 35420.63598615089, ""b"": 50810.614013814455, ""c"": -4433047.01120868}"
441,"{""a"": 47018.27087392797, ""b"": 40196.25549304936, ""c"": -4809584.844143279}"
442,"{""a"": -19189.132690448027, ""b"": 36392.62390135465, ""c"": -116599.65984169167}"
443,"{""a"": -43704.02526869199, ""b"": 47821.481323438755, ""c"": 1114241.7595918064}"
444,"{""a"": -17491.47033690993, ""b"": 33963.76647955527, ""c"": -137289.01304903958}"
445,"{""a"": -46983.36181615099, ""b"": 19897.88818344046, ""c"": 2442148.981800058}"
446,"{""a"": -15573.367309580959, ""b"": 17661.373901358504, ""c"": 374738.36596787046}"
447,"{""a"": 42788.23242186106, ""b"": 5674.493408225608, ""c"": -3157622.3008803627}"
448,"{""a"": 49258.135986296795, ""b"": 16898.62060545529, ""c"": -4044977.5849048505}"
449,"{""a"": -15477.758788973673, ""b"": 36616.49780272014, ""c"": -379838.7326334045}"
450,"{""a"": -41385.38818349037, ""b"": 40766.63818343253, ""c"": 1234822.1957084998}"
451,"{""a"": -37077.75878933245, ""b"": 21577.532959098615, ""c"": 1696886.6427523633}"
452,"{""a"": -48551.605224636674, ""b"": 10182.40356449745, ""c"": 2934674.500396853}"
453,"{""a"": 29313.006591798534, ""b"": 7553.265380958772, ""c"": -2307930.5278055547}"
454,"{""a"": 47086.85302750723, ""b"": -10.107421985114343, ""c"": -3229731.5503151054}"
455,"{""a"": 28649.240112650798, ""b"": 26826.773071148134, ""c"": -3023404.2165327906}"
456,"{""a"": 30220.889282377193, ""b"": 54840.371704158184, ""c"": -4237631.651410285}"
457,"{""a"": 36781.86950650143, ""b"": 56692.11730968003, ""c"": -4761373.900577975}"
458,"{""a"": 41553.012085012204, ""b"": 47576.266479477905, ""c"": -4729085.472460843}"
459,"{""a"": -34338.372802889084, ""b"": 32227.899170042896, ""c"": 1090009.4255276974}"
460,"{""a"": -36893.24340838358, ""b"": 18866.271972743416, ""c"": 1793181.8476117987}"
461,"{""a"": -44900.98571782539, ""b"": 3078.012085027105, ""c"": 2966801.852883341}"
462,"{""a"": -43881.784057626646, ""b"": 1077.7313231809094, ""c"": 2975773.030680866}"
463,"{""a"": -47265.73791497114, ""b"": 9521.98791510261, ""c"": 2874802.2621922246}"
464,"{""a"": 23791.44609182282, ""b"": 35222.25952151033, ""c"": -3022623.396457705}"
465,"{""a"": -28266.992187358697, ""b"": 43327.11181639603, ""c"": 234610.05317774572}"
466,"{""a"": -49563.00659152197, ""b"": 26631.02416968794, ""c"": 2351212.7351740994}"
467,"{""a"": -34053.744506914234, ""b"": 50600.25329594188, ""c"": 341000.77805693913}"
468,"{""a"": -26305.883788904874, ""b"": 42424.8596190182, ""c"": 132379.05049298482}"
469,"{""a"": 53970.776367390594, ""b"": 18375.732421852168, ""c"": -4424697.888410246}"
470,"{""a"": 31380.715942366503, ""b"": 69.73571781264036, ""c"": -2152152.448341798}"
471,"{""a"": 33838.906860191964, ""b"": -10144.143676674626, ""c"": -1917484.1908874142}"
472,"{""a"": 43550.98571775618, ""b"": 5519.229125879981, ""c"": -3202325.1286037033}"
473,"{""a"": -26573.620605493114, ""b"": 20174.63378909265, ""c"": 1030530.9223485033}"
474,"{""a"": -50929.898071452124, ""b"": 23356.137085173163, ""c"": 2576200.8346890854}"
475,"{""a"": -18975.366211071643, ""b"": 45923.62060548527, ""c"": -507739.05219176464}"
476,"{""a"": -38452.4780271256, ""b"": 52942.51098626507, ""c"": 551775.5844372866}"
477,"{""a"": -5449.493408198666, ""b"": 36524.2675781169, ""c"": -1064984.0211562975}"
478,"{""a"": 38622.35412594496, ""b"": 42553.1524658588, ""c"": -4327984.013930626}"
479,"{""a"": 42516.018676702304, ""b"": 42237.0208739957, ""c"": -4582765.907503946}"
480,"{""a"": -15220.129394487609, ""b"": 29003.631591759702, ""c"": -96899.69700012454}"
481,"{""a"": -45108.023071068885, ""b"": 28318.496703821467, ""c"": 1981953.8409001797}"
482,"{""a"": -31056.75659196314, ""b"": 45209.2346192779, ""c"": 350312.61484363955}"
483,"{""a"": -26693.975830138672, ""b"": 28725.732421913446, ""c"": 701650.3873546283}"
484,"{""a"": 39567.37060546429, ""b"": -757.1228026229946, ""c"": -2683881.5556300087}"
485,"{""a"": 27120.355224767947, ""b"": 16518.383788995925, ""c"": -2511328.967880879}"
486,"{""a"": 14032.12280276755, ""b"": 24265.118408115723, ""c"": -1918426.5839069076}"
487,"{""a"": 34022.26867686998, ""b"": 7067.2576905525275, ""c"": -2612191.810185589}"
488,"{""a"": 48259.121703812074, ""b"": -10063.119506704723, ""c"": -2913568.843979439}"
489,"{""a"": 48786.74011225279, ""b"": -19658.24890125844, ""c"": -2570927.5255210535}"
490,"{""a"": -38417.62390142404, ""b"": -7464.358520476533, ""c"": 2937630.3484294894}"
491,"{""a"": -37896.734619257055, ""b"": 10980.01098645074, ""c"": 2173538.9886048394}"
492,"{""a"": -34798.48022466645, ""b"": 17669.256591870195, ""c"": 1696555.8439799082}"
493,"{""a"": -36558.02307126963, ""b"": 2243.270873975598, ""c"": 2426564.956848699}"
494,"{""a"": -48999.91311108263, ""b"": -15630.50368889267, ""c"": 3987196.295274366}"
495,"{""a"": -22054.23943014769, ""b"": 9982.122802746744, ""c"": 1124331.5966114756}"
496,"{""a"": 22790.01464842027, ""b"": 5375.2532960118115, ""c"": -1775324.1874943932}"
497,"{""a"": -48653.997802350255, ""b"": 9956.249999780455, ""c"": 2947264.4988913233}"
498,"{""a"": -52154.98352056556, ""b"": 3179.2510987116984, ""c"": 3454960.760949028}"
499,"{""a"": -14903.997802734319, ""b"": 18053.99780272918, ""c"": 312547.92353840935}"
500,"{""a"": 47509.88159201279, ""b"": 37162.1337890675, ""c"": -4723261.81325506}"
501,"{""a"": 39688.85192855158, ""b"": 53620.889282394244, ""c"": -4836562.102389792}"
502,"{""a"": 40722.775268333055, ""b"": 48642.76428250347, ""c"": -4710946.715014953}"
503,"{""a"": 45175.47912588688, ""b"": 24471.02966304568, ""c"": -4062088.9533232516}"
504,"{""a"": -31642.877197288908, ""b"": 13260.388183648938, ""c"": 1651371.814887418}"
505,"{""a"": -44413.87939469431, ""b"": 8632.12280292125, ""c"": 2710436.8670005742}"
506,"{""a"": -38995.86181636376, ""b"": -430.8837891195144, ""c"": 2696464.092238714}"
507,"{""a"": -28230.743408054426, ""b"": 2348.9868163145584, ""c"": 1847923.5784312207}"
508,"{""a"": -24269.622802639213, ""b"": 27365.62500006189, ""c"": 588347.6763902566}"
509,"{""a"": 48166.86401369989, ""b"": 30612.359619209747, ""c"": -4511630.011769177}"
510,"{""a"": 33415.87829590962, ""b"": 30484.12170414115, ""c"": -3494044.8751930646}"
511,"{""a"": 14103.012084920796, ""b"": 23494.50988770348, ""c"": -1892338.749349068}"
512,"{""a"": -55902.39257782927, ""b"": 5650.8728024170705, ""c"": 3618031.4807127453}"
513,"{""a"": -50406.756592097416, ""b"": 18904.504394712945, ""c"": 2717447.739965545}"
514,"{""a"": 13687.893676733142, ""b"": 14356.137084936438, ""c"": -1503630.548588952}"
515,"{""a"": 27866.244506787116, ""b"": 15158.2489014647, ""c"": -2508830.676926156}"
516,"{""a"": 16736.627197338454, ""b"": 19967.596435492116, ""c"": -1934470.5305967107}"
517,"{""a"": 45096.73461932624, ""b"": -8460.02197289349, ""c"": -2759628.69529299}"
518,"{""a"": 38741.6381836345, ""b"": -27046.14257796225, ""c"": -1589358.8130127643}"
519,"{""a"": 46173.36730922006, ""b"": -12549.380493037184, ""c"": -2672143.590229061}"
520,"{""a"": 25229.25109866547, ""b"": 22688.992309628622, ""c"": -2624882.401554838}"
521,"{""a"": -50749.88708514013, ""b"": 46384.85412619222, ""c"": 1658545.4745521327}"
522,"{""a"": -28282.489013831277, ""b"": 30658.502197367117, ""c"": 736076.6722176359}"
523,"{""a"": -32015.231323275086, ""b"": 11571.762085029812, ""c"": 1746100.9684977704}"
524,"{""a"": -33027.75878907916, ""b"": 20684.234619128256, ""c"": 1455882.9086548921}"
525,"{""a"": -53995.600084785845, ""b"": 40486.432725918625, ""c"": 2114696.094955529}"
526,"{""a"": -16018.945312464575, ""b"": 11356.896972673283, ""c"": 655335.6525084903}"
527,"{""a"": 40011.01074200537, ""b"": -9822.354125895145, ""c"": -2358672.6669129506}"
528,"{""a"": -42375.3936765509, ""b"": 24735.360717583768, ""c"": 1933162.4750451774}"
529,"{""a"": -56764.105224700856, ""b"": 29842.87719733936, ""c"": 2718416.1168246553}"
530,"{""a"": -22461.74011222902, ""b"": 27134.994506772375, ""c"": 472446.9977008717}"
531,"{""a"": 52115.62500018682, ""b"": 10978.857421883658, ""c"": -4005490.666333958}"
532,"{""a"": 38354.6173095398, ""b"": -8751.406860307674, ""c"": -2282562.4308544365}"
533,"{""a"": 42690.37170389326, ""b"": -4406.643676651234, ""c"": -2751540.866544177}"
534,"{""a"": 56231.98242184327, ""b"": 6740.991210814027, ""c"": -4120714.298241238}"
535,"{""a"": -39386.2335205432, ""b"": 14638.485717838237, ""c"": 2128286.5570829995}"
536,"{""a"": -25421.621704245685, ""b"": 8017.84973151757, ""c"": 1431421.2657617363}"
537,"{""a"": -35068.49670406941, ""b"": -5838.76647954034, ""c"": 2640450.9847180173}"
538,"{""a"": -43421.621703873585, ""b"": 2644.876098478475, ""c"": 2878789.6960735163}"
539,"{""a"": -50598.00109861518, ""b"": 19147.494506905758, ""c"": 2719830.570415345}"
540,"{""a"": 43428.37829588996, ""b"": 46967.62390138943, ""c"": -4832094.380630789}"
541,"{""a"": 34570.1019287327, ""b"": 50680.123901293744, ""c"": -4370615.444197203}"
542,"{""a"": 30415.51208501063, ""b"": 40203.012084860085, ""c"": -3671807.3460992835}"
543,"{""a"": -46171.142577839135, ""b"": 32002.89916965821, ""c"": 1909579.2337935797}"
544,"{""a"": -60521.62170446439, ""b"": 19132.882690601036, ""c"": 3402882.850680377}"
545,"{""a"": 16389.0197753978, ""b"": 31094.98901362287, ""c"": -2349944.6916031726}"
546,"{""a"": 29498.620605509157, ""b"": 25959.375000097316, ""c"": -3047348.4204320316}"
547,"{""a"": 28893.38378916135, ""b"": 7360.894775312125, ""c"": -2271558.984844082}"
548,"{""a"": 41757.74230992444, ""b"": 26970.748901164203, ""c"": -3929137.4722376796}"
549,"{""a"": 29018.243408279606, ""b"": 58619.25659187316, ""c"": -4303650.071282068}"
550,"{""a"": 36877.505492925986, ""b"": 63141.75109864744, ""c"": -5021970.493468722}"
551,"{""a"": 30449.240112340725, ""b"": 31979.25109857049, ""c"": -3350211.8292312766}"
552,"{""a"": -56909.23461924794, ""b"": 9222.74780280485, ""c"": 3548809.00769502}"
553,"{""a"": -31046.649169981214, ""b"": 33872.60742196976, ""c"": 799071.5564960011}"
554,"{""a"": -36824.60632325671, ""b"": 60532.882690450126, ""c"": 143517.86512012564}"
555,"{""a"": -37446.73461897898, ""b"": 60648.76098627088, ""c"": 181685.43268463723}"
556,"{""a"": -41329.13818356704, ""b"": 36529.87060547131, ""c"": 1400599.7593669598}"
557,"{""a"": 25254.488991594077, ""b"": 4081.5485394833668, ""c"": -1893509.3312900944}"
558,"{""a"": 38023.99902333599, ""b"": -23517.03186025664, ""c"": -1681458.2705363745}"
559,"{""a"": -42010.894775075045, ""b"": 23182.85522441441, ""c"": 1969449.3984845886}"
560,"{""a"": -60940.1184082782, ""b"": 21886.85302743355, ""c"": 3318917.8602082105}"
561,"{""a"": -17383.50219723495, ""b"": 23692.510986291727, ""c"": 260003.22206048976}"
562,"{""a"": 59160.388183890354, ""b"": 27725.646972592484, ""c"": -5149843.7620112365}"
563,"{""a"": 38968.862914948295, ""b"": 39796.9024659053, ""c"": -4241179.866314877}"
564,"{""a"": 34269.735717656564, ""b"": 43258.52966319731, ""c"": -4055436.7319910065}"
565,"{""a"": 55066.49780274305, ""b"": 41697.015380680634, ""c"": -5420661.299554086}"
566,"{""a"": -32870.2423096443, ""b"": 28449.014282262367, ""c"": 1136001.6594351197}"
567,"{""a"": -34739.978027335346, ""b"": 37872.015380970755, ""c"": 892342.0150935983}"
568,"{""a"": -35528.63159182717, ""b"": 61507.12280270632, ""c"": 13502.185717907032}"
569,"{""a"": -29032.882690222825, ""b"": 39094.87609856834, ""c"": 452403.47349909035}"
570,"{""a"": -46758.361816437246, ""b"": 4363.879394629475, ""c"": 3039893.067655719}"
571,"{""a"": 554.6173095756369, ""b"": 15577.871704091565, ""c"": -650160.7523040483}"
572,"{""a"": 51221.22802734517, ""b"": 38088.00659176364, ""c"": -5016519.35538361}"
573,"{""a"": 19878.74450690436, ""b"": 42450.75988762153, ""c"": -3037214.535791273}"
574,"{""a"": -35211.37390126461, ""b"": 50227.87170393087, ""c"": 437724.83427398646}"
575,"{""a"": -51745.49560582684, ""b"": 43361.99340835049, ""c"": 1843883.5340534938}"
576,"{""a"": 17712.020874018723, ""b"": 21300.759887639302, ""c"": -2054149.2369893475}"
577,"{""a"": 35980.85632320503, ""b"": 18631.137085058275, ""c"": -3203166.556168893}"
578,"{""a"": 39216.384887830616, ""b"": 20424.38049305464, ""c"": -3496128.2071125144}"
579,"{""a"": 24924.38049327982, ""b"": 7324.887084850234, ""c"": -1997584.0011556172}"
580,"{""a"": 25221.368408284892, ""b"": -3693.383788961066, ""c"": -1583050.6906758184}"
581,"{""a"": 49357.15026824851, ""b"": -16898.648071155985, ""c"": -2719462.02133127}"
582,"{""a"": 34876.098632776164, ""b"": -2642.651367077451, ""c"": -2287558.645875871}"
583,"{""a"": -41333.615112410305, ""b"": 111.37390143082303, ""c"": 2838565.0666627632}"
584,"{""a"": -45894.39697283007, ""b"": -25266.357421733483, ""c"": 4153611.9818026177}"
585,"{""a"": -43268.609619130606, ""b"": -30634.88159175444, ""c"": 4185137.96253731}"
586,"{""a"": -45510.7543945852, ""b"": -16242.73681646007, ""c"": 3771072.544012178}"
587,"{""a"": -38202.73132314932, ""b"": 12813.76647955281, ""c"": 2121994.458098219}"
588,"{""a"": 36735.00976565468, ""b"": 28542.370605484306, ""c"": -3647996.470466725}"
589,"{""a"": 34185.98632788876, ""b"": 47582.995605588534, ""c"": -4224434.596510508}"
590,"{""a"": -39823.873901135936, ""b"": 41538.400268327096, ""c"": 1094935.353272236}"
591,"{""a"": -57173.62060556126, ""b"": 36880.88378912838, ""c"": 2468741.162342001}"
592,"{""a"": -3944.256591760229, ""b"": 17869.482421869965, ""c"": -432010.28121416806}"
593,"{""a"": 58164.75219747501, ""b"": 1392.7368163902138, ""c"": -4042151.4978851285}"
594,"{""a"": 36737.979125944796, ""b"": -7451.9989013249215, ""c"": -2223160.9138636244}"
595,"{""a"": 39180.37719708861, ""b"": -13593.38378895547, ""c"": -2148328.1604763917}"
596,"{""a"": 43778.26538085463, ""b"": -5654.278564532462, ""c"": -2777137.3948024516}"
597,"{""a"": -35240.624999990185, ""b"": 21252.337646531865, ""c"": 1582710.9118092794}"
598,"{""a"": -44868.383789263746, ""b"": 24328.12500014993, ""c"": 2121957.348732255}"
599,"{""a"": -29573.98681637227, ""b"": 4866.778564405533, ""c"": 1840527.3944163546}"
600,"{""a"": -24979.504394451986, ""b"": 17271.002197177164, ""c"": 1035636.2667598316}"
601,"{""a"": -25973.98681644873, ""b"": 27164.245605483135, ""c"": 713412.9683251017}"
602,"{""a"": -31786.880493193836, ""b"": 27507.37609863538, ""c"": 1098846.7796726567}"
603,"{""a"": 52363.09204101397, ""b"": 36196.87499998512, ""c"": -5020255.221061007}"
604,"{""a"": -1281.3629150442925, ""b"": 51852.36511225576, ""c"": -1955716.2328620888}"
605,"{""a"": -37347.747802638085, ""b"": 67371.73461894633, ""c"": -92298.34570206777}"
606,"{""a"": -12292.877197454025, ""b"": 36921.368408322305, ""c"": -610576.7380746565}"
607,"{""a"": 45703.12500004109, ""b"": -8461.120605519929, ""c"": -2801307.034439888}"
608,"{""a"": 32145.748901378814, ""b"": -29947.4945067511, ""c"": -1022367.9948695641}"
609,"{""a"": 40328.99780285777, ""b"": -29018.243408292095, ""c"": -1620969.0127918264}"
610,"{""a"": 39035.275268773024, ""b"": -31142.257690629194, ""c"": -1448293.612410989}"
611,"{""a"": 28763.992309624136, ""b"": -37777.50549303195, ""c"": -481010.7831281122}"
612,"{""a"": 31660.89477510542, ""b"": -10418.609619012612, ""c"": -1759801.882111318}"
613,"{""a"": -16306.896972639302, ""b"": 44204.64477534356, ""c"": -621040.8643410429}"
614,"{""a"": -22684.515380916167, ""b"": 73984.51538095478, ""c"": -1358345.6818083373}"
615,"{""a"": -11200.479126085089, ""b"": 46019.22912590446, ""c"": -1043470.917294692}"
616,"{""a"": -29400.759887751028, ""b"": 2825.9857178421953, ""c"": 1911660.944565933}"
617,"{""a"": -52536.37390138746, ""b"": -18408.389282290635, ""c"": 4339251.669460403}"
618,"{""a"": -60859.12170397945, ""b"": -17782.882690339597, ""c"": 4886399.882991288}"
619,"{""a"": 13509.570490237604, ""b"": 13948.057017851072, ""c"": -1476014.287726936}"
620,"{""a"": 16189.990234301817, ""b"": 41359.515380933015, ""c"": -2742108.699473484}"
621,"{""a"": -40406.61621064655, ""b"": 13343.609618924282, ""c"": 2247661.297618893}"
622,"{""a"": -55131.756591889425, ""b"": 16542.004394614705, ""c"": 3131400.591517642}"
623,"{""a"": 15649.887084929373, ""b"": 13917.398071338512, ""c"": -1620080.8150708922}"
624,"{""a"": 58471.87500023934, ""b"": 10492.877197246766, ""c"": -4422373.209190782}"
625,"{""a"": 49066.86401362083, ""b"": 6701.60522468308, ""c"": -3627559.3430475006}"
626,"{""a"": 43570.12939435045, ""b"": -3875.646972537128, ""c"": -2833026.7234114856}"
627,"{""a"": 25776.013183589, ""b"": 1797.7478026722529, ""c"": -1836073.04248532}"
628,"{""a"": -43129.13818366193, ""b"": 781.8969727330696, ""c"": 2931896.1975114117}"
629,"{""a"": -34201.153564549495, ""b"": -5072.60742172887, ""c"": 2550314.6294793}"
630,"{""a"": -35360.98022460643, ""b"": 9508.502197210233, ""c"": 2054468.2242451468}"
631,"{""a"": -45948.36730934296, ""b"": 23860.13488754655, ""c"": 2214674.397596164}"
632,"{""a"": -29724.746704133035, ""b"": 38686.514282274715, ""c"": 516096.6310961461}"
633,"{""a"": -22555.12390137897, ""b"": 32862.387085014576, ""c"": 253845.36955893267}"
634,"{""a"": 40697.9736327557, ""b"": 26606.25000000171, ""c"": -3841012.897914869}"
635,"{""a"": -38378.23791498578, ""b"": 59712.75329590605, ""c"": 280672.23400483135}"
636,"{""a"": 5682.376098767121, ""b"": 38260.134887731154, ""c"": -1897464.1516219636}"
637,"{""a"": 32138.992309739377, ""b"": -18751.492309661568, ""c"": -1463884.6524356776}"
638,"{""a"": 50208.755493214085, ""b"": -22306.503295939983, ""c"": -2564234.978090175}"
639,"{""a"": 29842.87719724037, ""b"": -3022.88818353237, ""c"": -1926868.5521933767}"
640,"{""a"": 36461.23352062647, ""b"": 2218.4967040210176, ""c"": -2588184.5249225716}"
641,"{""a"": 50802.78625518052, ""b"": -3557.235718015392, ""c"": -3345111.9559587697}"
642,"{""a"": 31352.618408282222, ""b"": -11278.124999863045, ""c"": -1704640.2850679045}"
643,"{""a"": -20108.24890130609, ""b"": 10543.496704061181, ""c"": 968560.9049503994}"
644,"{""a"": -47758.5021971816, ""b"": 39140.99121077426, ""c"": 1739141.8684317616}"
645,"{""a"": -37289.2730713938, ""b"": 55417.48352056228, ""c"": 377666.98670700984}"
646,"{""a"": 13244.650268738185, ""b"": 73542.39807117253, ""c"": -3809017.984833141}"
647,"{""a"": 5299.8596191371835, ""b"": 57589.89257815857, ""c"": -2633661.815789358}"
648,"{""a"": -37760.61401361999, ""b"": 29347.8881835348, ""c"": 1439289.2130038268}"
649,"{""a"": -71328.86557199321, ""b"": 22072.649893748283, ""c"": 4032799.1425873097}"
650,"{""a"": -4232.088694875096, ""b"": 24717.370605454806, ""c"": -681957.6304614714}"
651,"{""a"": 26926.977538971576, ""b"": 15753.378295999322, ""c"": -2469357.5599457007}"
652,"{""a"": -29039.611816170323, ""b"": 23340.39916974427, ""c"": 1073553.6457656699}"
653,"{""a"": -60772.52197273133, ""b"": 14415.76538093778, ""c"": 3602206.317316204}"
654,"{""a"": 15865.905761646518, ""b"": 22465.118408230337, ""c"": -1972211.6927985481}"
655,"{""a"": 49319.98901390933, ""b"": 34825.506591722355, ""c"": -4754788.278333661}"
656,"{""a"": 53436.373901273284, ""b"": 43399.15466313332, ""c"": -5375493.627330021}"
657,"{""a"": 38860.89477526013, ""b"": 54316.13159191127, ""c"": -4806322.23462996}"
658,"{""a"": 22940.99121093971, ""b"": 56186.99340810384, ""c"": -3787884.329288531}"
659,"{""a"": -23476.519775405268, ""b"": 40385.24780268466, ""c"": 20560.028933631063}"
660,"{""a"": -41440.51208506309, ""b"": 33826.492309729685, ""c"": 1512036.1289222252}"
661,"{""a"": -38714.61181638924, ""b"": 29838.3728026882, ""c"": 1482347.894402203}"
662,"{""a"": -41000.619506578456, ""b"": 13892.623901229716, ""c"": 2268452.6710006315}"
663,"{""a"": -49790.25878905495, ""b"": 14184.00878914188, ""c"": 2860205.83855836}"
664,"{""a"": 10724.633789059415, ""b"": 6793.89038087424, ""c"": -1001711.1680530478}"
665,"{""a"": 19308.361816395838, ""b"": 1159.8815917916836, ""c"": -1368587.8358221387}"
666,"{""a"": -61112.246704005534, ""b"": 12176.998901430023, ""c"": 3717181.365454185}"
667,"{""a"": 46713.372802422185, ""b"": 15332.629394813033, ""c"": -3809554.055432497}"
668,"{""a"": 38696.62170435267, ""b"": 24755.630493067307, ""c"": -3631002.5080700614}"
669,"{""a"": 34839.0197753722, ""b"": 37122.74780270547, ""c"": -3854152.548322179}"
670,"{""a"": 29540.25878905175, ""b"": 33511.48681647997, ""c"": -3347821.8323233384}"
671,"{""a"": 41783.61511243459, ""b"": 23250.338745054178, ""c"": -3783637.8750674673}"
672,"{""a"": 51498.00109896613, ""b"": 23008.47473119221, ""c"": -4441201.01148751}"
673,"{""a"": 43518.38378919494, ""b"": 17868.383789230487, ""c"": -3690359.8991856463}"
674,"{""a"": -39642.764281944765, ""b"": 3415.5120848466613, ""c"": 2591540.926254687}"
675,"{""a"": -53456.61621092958, ""b"": 50.64697259849345, ""c"": 3673129.1464403328}"
676,"{""a"": -57912.753296011106, ""b"": 10095.748901444618, ""c"": 3582839.4666413423}"
677,"{""a"": -19413.006591762, ""b"": 45251.9714356069, ""c"": -449143.3212785687}"
678,"{""a"": 24898.507690437844, ""b"": 74263.48571769497, ""c"": -4638087.3460210245}"
679,"{""a"": -5834.262084857235, ""b"": 50980.49011233868, ""c"": -1607897.647995832}"
680,"{""a"": -65673.52941164345, ""b"": 20489.61181628739, ""c"": 3706691.415275075}"
681,"{""a"": -16112.109374978923, ""b"": 21754.138183567036, ""c"": 251310.83845480593}"
682,"{""a"": 49609.985351375115, ""b"": 17822.26867695719, ""c"": -4109767.7048734813}"
683,"{""a"": -7263.006591662724, ""b"": -8399.26757815745, ""c"": 832377.2284237817}"
684,"{""a"": -55843.86291511915, ""b"": -26179.8980711856, ""c"": 4865970.582612497}"
685,"{""a"": -26701.858520527476, ""b"": 3409.8541258765617, ""c"": 1699575.5673041837}"
686,"{""a"": 49415.597534399225, ""b"": 33521.62170401894, ""c"": -4709898.322086689}"
687,"{""a"": 49170.38269033909, ""b"": 29118.35632332573, ""c"": -4519342.451962413}"
688,"{""a"": 23977.13928214836, ""b"": 37351.12609866492, ""c"": -3115779.139445975}"
689,"{""a"": 40060.10742180791, ""b"": 33244.90356434758, ""c"": -4057215.4881275245}"
690,"{""a"": -1672.8607178052841, ""b"": 10123.873901356385, ""c"": -281480.57883192226}"
691,"{""a"": -50495.63598647597, ""b"": 3934.0942384962545, ""c"": 3312899.2866914184}"
692,"{""a"": -30759.74121091132, ""b"": 9022.467040974305, ""c"": 1757793.859458758}"
693,"{""a"": -40385.24780251696, ""b"": 16397.973632671128, ""c"": 2127363.915495114}"
694,"{""a"": -56617.904663066685, ""b"": 22318.862915100894, ""c"": 3007832.1755028293}"
695,"{""a"": 28370.269775382698, ""b"": 18890.991210964206, ""c"": -2690211.9615712496}"
696,"{""a"": 23639.611816387573, ""b"": 2548.11401367333, ""c"": -1720675.4309756418}"
697,"{""a"": -59695.861816323166, ""b"": -14216.638183516188, ""c"": 4661387.819784935}"
698,"{""a"": 17878.49121065141, ""b"": 10046.228027440364, ""c"": -1621388.9768671065}"
699,"{""a"": 44313.73901391724, ""b"": 23840.99121083862, ""c"": -3980564.5180869773}"
700,"{""a"": 35911.148071307114, ""b"": 4784.628295854636, ""c"": -2651771.094809997}"
701,"{""a"": 35977.50549314705, ""b"": 886.5142823217684, ""c"": -2502524.6119410656}"
702,"{""a"": 46382.6293946878, ""b"": 111.40136707742931, ""c"": -3186437.284262387}"
703,"{""a"": 46848.3673098685, ""b"": 403.8848874715477, ""c"": -3229960.617595877}"
704,"{""a"": 20731.503295832077, ""b"": 32980.4901123848, ""c"": -2721677.662458931}"
705,"{""a"": -31069.14367665358, ""b"": 61646.62170397839, ""c"": -295000.9956306566}"
706,"{""a"": -48419.989013627965, ""b"": 51401.23901348081, ""c"": 1300987.7347609932}"
707,"{""a"": -43984.1217042417, ""b"": 22390.878296002164, ""c"": 2140912.5535638835}"
708,"{""a"": -56107.122802927915, ""b"": 10000.140381043253, ""c"": 3462578.86440118}"
709,"{""a"": -2542.5109862976296, ""b"": 45123.76098632024, ""c"": -1603069.8540209488}"
710,"{""a"": 10596.368408258943, ""b"": 79417.1447754143, ""c"": -3858822.112095833}"
711,"{""a"": -41235.877182752294, ""b"": 67512.3870849636, ""c"": 172159.58264114207}"
712,"{""a"": -5157.525275709491, ""b"": 28643.609619088213, ""c"": -773274.55476664}"
713,"{""a"": 56710.98632789029, ""b"": 12947.607422031448, ""c"": -4405401.555654108}"
714,"{""a"": 3502.111816346996, ""b"": 12142.144775409875, ""c"": -716382.9447522499}"
715,"{""a"": -51817.48352059588, ""b"": 15131.277465891573, ""c"": 2959932.462642086}"
716,"{""a"": -56188.11950671356, ""b"": 11001.406860231858, ""c"": 3422652.048153068}"
717,"{""a"": 38230.85632344718, ""b"": 21560.641479466634, ""c"": -3470736.85490197}"
718,"{""a"": 40972.52197266147, ""b"": 45346.50878907136, ""c"": -4597199.9816443855}"
719,"{""a"": 28550.22582999284, ""b"": 40738.51318362881, ""c"": -3563171.9921906614}"
720,"{""a"": 53537.64038078877, ""b"": 26794.116210819528, ""c"": -4727431.142972984}"
721,"{""a"": -4736.233520455383, ""b"": 39500.98571775828, ""c"": -1230311.6388427212}"
722,"{""a"": -44871.76208514126, ""b"": 43130.26428236412, ""c"": 1380558.5858834116}"
723,"{""a"": -31520.242309589343, ""b"": 33178.51867674515, ""c"": 856943.4520205432}"
724,"{""a"": -53119.11621068123, ""b"": 39297.38159164817, ""c"": 2097826.379939757}"
725,"{""a"": -36622.15576173689, ""b"": 26114.611816438482, ""c"": 1485682.3617553448}"
726,"{""a"": 47308.50219725757, ""b"": -9391.497802717276, ""c"": -2874266.167541626}"
727,"{""a"": 28453.491210923246, ""b"": -16800.732421877263, ""c"": -1287736.3149098202}"
728,"{""a"": -63469.11621082526, ""b"": -1076.605224537474, ""c"": 4401992.899548478}"
729,"{""a"": -18664.86511227458, ""b"": 14977.13928211464, ""c"": 692846.9964775684}"
730,"{""a"": 47945.242309866626, ""b"": 34094.22912585802, ""c"": -4634416.762268473}"
731,"{""a"": 37707.76977536415, ""b"": 47722.467040967604, ""c"": -4469175.715938671}"
732,"{""a"": 32446.11511225695, ""b"": 53355.34973156469, ""c"": -4330117.961953642}"
733,"{""a"": 46902.365112541534, ""b"": 57142.117309441004, ""c"": -5472187.231067375}"
734,"{""a"": 37766.24450719449, ""b"": 65412.02087376621, ""c"": -5171048.828505685}"
735,"{""a"": 11040.76538103896, ""b"": 51608.276367201615, ""c"": -2791060.7434592405}"
736,"{""a"": -43444.14367652087, ""b"": 45007.88269028196, ""c"": 1211409.563099906}"
737,"{""a"": -43588.09204089516, ""b"": 62796.368408006296, ""c"": 519518.7193140668}"
738,"{""a"": -23792.651367364142, ""b"": 66783.36181646379, ""c"": -997519.2248894287}"
739,"{""a"": -47324.240112492036, ""b"": 50199.746704185585, ""c"": 1273211.2682743263}"
740,"{""a"": -23215.51208498839, ""b"": 26966.244506898525, ""c"": 533562.4922555815}"
741,"{""a"": -14749.887084978009, ""b"": 38692.11730954119, ""c"": -510653.3276191376}"
742,"{""a"": 15792.36845133044, ""b"": 15350.619506985066, ""c"": -1688288.3266768944}"
743,"{""a"": 20610.015510102603, ""b"": -33751.126098588626, ""c"": -82194.989763241}"
744,"{""a"": 38307.98339832188, ""b"": -24729.757690435246, ""c"": -1654251.9843808245}"
745,"{""a"": -18740.258789058043, ""b"": 25366.497802643647, ""c"": 287431.4409593898}"
746,"{""a"": -43159.487915144695, ""b"": 35961.740112382395, ""c"": 1544340.2469981974}"
747,"{""a"": -43841.24450672951, ""b"": 19086.74011221435, ""c"": 2256768.195697862}"
748,"{""a"": 17355.377197345402, ""b"": 17056.1096191287, ""c"": -1861005.6787159399}"
749,"{""a"": 31594.50988761428, ""b"": 23523.73352053765, ""c"": -3092951.127314954}"
750,"{""a"": 50021.98791484607, ""b"": 16037.979126153834, ""c"": -4061886.8374571316}"
751,"{""a"": 55867.510986285975, ""b"": 6180.743408071896, ""c"": -4074110.902823964}"
752,"{""a"": -41162.612915041194, ""b"": 27570.382690487793, ""c"": 1739790.7249581811}"
753,"{""a"": -40233.38928239047, ""b"": 55729.11071789278, ""c"": 565256.6916264116}"
754,"{""a"": -25019.989013672854, ""b"": 54542.230224640916, ""c"": -431916.7891399729}"
755,"{""a"": -47485.134887399356, ""b"": 36289.13269025143, ""c"": 1829839.5186939954}"
756,"{""a"": -8102.252197260925, ""b"": 15318.017578077483, ""c"": -45846.267889378476}"
757,"{""a"": 61502.61840819092, ""b"": 8110.107421895678, ""c"": -4538953.872276284}"
758,"{""a"": 32917.48352048257, ""b"": -3138.7664794962693, ""c"": -2133110.2809734475}"
759,"{""a"": -65715.73791493918, ""b"": -21080.26428213704, ""c"": 5345343.076832871}"
760,"{""a"": -42929.98352032426, ""b"": -10622.268677023567, ""c"": 3368569.6831949046}"
761,"{""a"": 12352.505493306999, ""b"": 30118.496704064542, ""c"": -2033904.259590872}"
762,"{""a"": 28782.009887762793, ""b"": 61008.75549305297, ""c"": -4380455.526443731}"
763,"{""a"": 44267.62390137522, ""b"": 52480.123901592626, ""c"": -5107319.980508712}"
764,"{""a"": 31522.467041124903, ""b"": 52251.74560541905, ""c"": -4223131.357404529}"
765,"{""a"": 43096.50878927703, ""b"": 54031.47582982741, ""c"": -5088149.588940694}"
766,"{""a"": 43111.12060570517, ""b"": 30434.600830169744, ""c"": -4158331.737927259}"
767,"{""a"": -43025.619506507246, ""b"": 4546.115112148458, ""c"": 2778841.379278937}"
768,"{""a"": -43498.1140136721, ""b"": -13750.8728027623, ""c"": 3533052.5859080995}"
769,"{""a"": -43733.24890143281, ""b"": 2112.753295915696, ""c"": 2923434.594570172}"
770,"{""a"": -38472.7752686854, ""b"": 29785.50109875713, ""c"": 1470468.5097086655}"
771,"{""a"": -25568.97583008251, ""b"": 46521.00219733455, ""c"": -76168.43968442408}"
772,"{""a"": -4109.6557616715545, ""b"": 26508.36181642869, ""c"": -761057.5452311786}"
773,"{""a"": 57687.91647508604, ""b"": -5304.391479375801, ""c"": -3752111.3292378834}"
774,"{""a"": 46735.40039066189, ""b"": -28474.88708492888, ""c"": -2085536.0541915742}"
775,"{""a"": 37555.00488282985, ""b"": -64407.376098585155, ""c"": -37264.14379808748}"
776,"{""a"": -33050.2532956346, ""b"": 50051.211547760766, ""c"": 295210.12831190164}"
777,"{""a"": -25111.120605572207, ""b"": 35717.596435652944, ""c"": 316035.38555436436}"
778,"{""a"": -36536.62719720416, ""b"": 27239.611816360302, ""c"": 1434126.4166617189}"
779,"{""a"": 23532.742309652356, ""b"": 15788.259887716988, ""c"": -2234755.3993289922}"
780,"{""a"": 43597.1282958737, ""b"": -8859.347534139, ""c"": -2639031.9525679606}"
781,"{""a"": 56226.379394296004, ""b"": -19580.603027238045, ""c"": -3082595.355639886}"
782,"{""a"": 48737.24670410315, ""b"": -8797.494506969248, ""c"": -2994078.2620798107}"
783,"{""a"": -54394.84863289623, ""b"": -9824.633788986685, ""c"": 4122771.6384304888}"
784,"{""a"": -40403.26538104911, ""b"": -24581.2499998363, ""c"": 3744722.4705342115}"
785,"{""a"": -35455.49011228394, ""b"": -12788.992309663918, ""c"": 2940075.8400672697}"
786,"{""a"": -44290.14587379373, ""b"": 12704.617309437512, ""c"": 2540849.2487535113}"
787,"{""a"": 12349.127197235164, ""b"": 10029.364013676559, ""c"": -1240903.7540416734}"
788,"{""a"": 50069.25659179481, ""b"": 8219.256591824465, ""c"": -3758487.552430144}"
789,"{""a"": 46740.344238227284, ""b"": 17078.63159181556, ""c"": -3879422.440007104}"
790,"{""a"": -42720.72143549442, ""b"": -1797.7478026896424, ""c"": 3006198.6611579624}"
791,"{""a"": -55595.24230917299, ""b"": -22585.50109900582, ""c"": 4709950.803210092}"
792,"{""a"": -37902.39257829809, ""b"": -406.1096190163953, ""c"": 2620452.9236596297}"
793,"{""a"": 32717.25769045412, ""b"": 15023.28186032646, ""c"": -2836775.6196829993}"
794,"{""a"": 35888.62609851679, ""b"": 27995.663452291265, ""c"": -3566193.2645621826}"
795,"{""a"": 38623.48022471659, ""b"": 29502.026367152794, ""c"": -3813403.7501662103}"
796,"{""a"": 59648.64807163307, ""b"": 4069.1436764789105, ""c"": -4254112.885464893}"
797,"{""a"": 46223.98681649887, ""b"": 8001.013183788891, ""c"": -3487235.9808185007}"
798,"{""a"": -43458.72802705143, ""b"": 31209.741210834327, ""c"": 1756853.034392561}"
799,"{""a"": -43592.65136719138, ""b"": 50034.37499996896, ""c"": 1023563.611115992}"
800,"{""a"": -37126.0986328942, ""b"": 27658.13598640301, ""c"": 1461948.701411045}"
801,"{""a"": -47201.66015643835, ""b"": 2107.1228028941405, ""c"": 3161874.692091902}"
802,"{""a"": -41765.5975341997, ""b"": 10297.128295979186, ""c"": 2465390.8308621417}"
803,"{""a"": 25495.861816429686, ""b"": 16900.872802798756, ""c"": -2416153.5650447374}"
804,"{""a"": 52231.76987581733, ""b"": 24905.26428239161, ""c"": -4568826.7805684805}"
805,"{""a"": 58639.77194389993, ""b"": 41224.520874056645, ""c"": -5652805.744224652}"
806,"{""a"": 54839.99023411131, ""b"": 45063.006592078265, ""c"": -5543094.767634683}"
807,"{""a"": -16837.86621085124, ""b"": 62076.37939442869, ""c"": -1290997.4850940353}"
808,"{""a"": -15399.014282279899, ""b"": 50485.501098665, ""c"": -932564.8492636636}"
809,"{""a"": -4959.008788998807, ""b"": 17673.760986358153, ""c"": -354639.9038217763}"
810,"{""a"": 42333.72802744704, ""b"": -21253.4912109313, ""c"": -2063547.7103192194}"
811,"{""a"": 53548.90136712437, ""b"": -25358.6425780399, ""c"": -2671020.887541749}"
812,"{""a"": 26348.620605274256, ""b"": 5288.598632867972, ""c"": -2013597.6373637216}"
813,"{""a"": 26792.990112230233, ""b"": 46327.505493121615, ""c"": -3662574.7563637616}"
814,"{""a"": -25843.469238324436, ""b"": 40747.521972674724, ""c"": 169102.2739585327}"
815,"{""a"": -47926.15356457628, ""b"": 34475.6469728494, ""c"": 1931738.1526573866}"
816,"{""a"": -39416.610717752264, ""b"": 34167.39807132217, ""c"": 1359942.833737474}"
817,"{""a"": -57605.63049285628, ""b"": 25950.393676572814, ""c"": 2932273.849175931}"
818,"{""a"": 33701.63269042665, ""b"": 20588.62609854825, ""c"": -3122876.9036295735}"
819,"{""a"": 42819.73571775508, ""b"": 8295.748901388317, ""c"": -3263906.3688502815}"
820,"{""a"": 55274.60632320382, ""b"": -1848.3673095824342, ""c"": -3718757.9863250125}"
821,"{""a"": -30842.962646424683, ""b"": -3384.0087890201903, ""c"": 2253380.9186114813}"
822,"{""a"": -60445.129394226526, ""b"": 10375.87280238152, ""c"": 3742904.4908911297}"
823,"{""a"": -59324.64752237701, ""b"": 14468.623352235663, ""c"": 3504569.0309691057}"
824,"{""a"": 44458.88214114245, ""b"": 8719.862365670182, ""c"": -3394359.229591302}"
825,"{""a"": 16938.006591803045, ""b"": 2956.475830122312, ""c"": -1277392.0425589287}"
826,"{""a"": 53583.72802755254, ""b"": 5440.484619014314, ""c"": -3891731.340547378}"
827,"{""a"": 62122.521973069735, ""b"": 13439.245605164702, ""c"": -4793562.5791484825}"
828,"{""a"": 39069.00329600272, ""b"": 14188.485717910655, ""c"": -3239875.432477173}"
829,"{""a"": -44319.36950650101, ""b"": -1004.6173096969287, ""c"": 3086503.414738765}"
830,"{""a"": -51455.26428225607, ""b"": -11105.996704106437, ""c"": 3975012.679476094}"
831,"{""a"": -36431.98242192163, ""b"": 18438.73901370471, ""c"": 1777882.709878921}"
832,"{""a"": -51154.89807152561, ""b"": 47248.8739015529, ""c"": 1653051.477319104}"
833,"{""a"": -18381.36291511886, ""b"": 19627.871704126243, ""c"": 490865.36190483824}"
834,"{""a"": 37877.61840818163, ""b"": -22741.86401361793, ""c"": -1703332.2647711576}"
835,"{""a"": 27602.464384114042, ""b"": -16959.374999999614, ""c"": -1225400.0124028025}"
836,"{""a"": 40548.72759645989, ""b"": 12111.740112330801, ""c"": -3261472.5404961645}"
837,"{""a"": 57767.993163811, ""b"": 24200.985717973905, ""c"": -4921504.90818485}"
838,"{""a"": 8375.619506819952, ""b"": 23374.154663113586, ""c"": -1494025.7998351988}"
839,"{""a"": 7212.387084948391, ""b"": -12859.854125986898, ""c"": 14590.344544725267}"
840,"{""a"": 33026.6052245544, ""b"": -40645.129394483956, ""c"": -660390.776784897}"
841,"{""a"": 40182.74230964904, ""b"": -37552.50549313356, ""c"": -1273229.8318318583}"
842,"{""a"": 20707.910156193113, ""b"": 1544.6228027426478, ""c"": -1478972.934864282}"
843,"{""a"": 1132.855224601943, ""b"": 28954.13818360708, ""c"": -1216870.4984054728}"
844,"{""a"": 12669.735717750407, ""b"": 27254.25109861537, ""c"": -1941381.8165489407}"
845,"{""a"": -19619.98901367551, ""b"": 40734.008789063395, ""c"": -257398.4279706731}"
846,"{""a"": -40641.751098837114, ""b"": 33498.00109875959, ""c"": 1470429.51736589}"
847,"{""a"": -37221.734619136674, ""b"": 24326.971435504653, ""c"": 1597382.6049513442}"
848,"{""a"": -46982.26318326151, ""b"": 19725.73242172593, ""c"": 2448667.4654524364}"
849,"{""a"": 46128.37829589684, ""b"": 2037.3870848764345, ""c"": -3244196.9652675525}"
850,"{""a"": 49130.9967040838, ""b"": -4407.74230955547, ""c"": -3196132.4361031856}"
851,"{""a"": 42850.11291500583, ""b"": 11849.606323222833, ""c"": -3406090.172123725}"
852,"{""a"": -48129.73022454175, ""b"": 43096.508789095984, ""c"": 1607085.2080399941}"
853,"{""a"": -52042.51098603814, ""b"": 38220.77636698904, ""c"": 2067964.1229050932}"
854,"{""a"": -52127.998352396295, ""b"": 18528.75823990551, ""c"": 2850357.8484900277}"
855,"{""a"": 52719.74945071436, ""b"": 8820.00274650866, ""c"": -3965507.5159255797}"
856,"{""a"": 32871.39587405595, ""b"": -9610.867309476467, ""c"": -1875862.9525053226}"
857,"{""a"": 47026.098632995454, ""b"": -21470.635986438545, ""c"": -2380161.111450772}"
858,"{""a"": 56365.878296288356, ""b"": -17155.12390164766, ""c"": -3191718.864723662}"
859,"{""a"": 28422.01538088183, ""b"": -1500.732421765948, ""c"": -1889938.398573042}"
860,"{""a"": -35884.149169690885, ""b"": 15904.13818347414, ""c"": 1840337.0210993858}"
861,"{""a"": -53823.36730953653, ""b"": 19938.40026845639, ""c"": 2913414.731843596}"
862,"{""a"": -55654.87060557472, ""b"": 11984.65576178742, ""c"": 3352864.201939385}"
863,"{""a"": -55843.87664817291, ""b"": 7086.387634461396, ""c"": 3559003.56091738}"
864,"{""a"": 11799.000549306185, ""b"": 9216.004943840704, ""c"": -1171955.7539663091}"
865,"{""a"": 52543.13049317881, ""b"": 6739.865112378335, ""c"": -3873564.8447075905}"
866,"{""a"": 31208.82352939052, ""b"": -17539.89257805385, ""c"": -1450299.8354469733}"
867,"{""a"": 33216.34880517243, ""b"": -42652.11181637944, ""c"": -597979.6373633164}"
868,"{""a"": 37647.02148419441, ""b"": -24314.611816336626, ""c"": -1625553.8379470822}"
869,"{""a"": 16598.22692873428, ""b"": -63366.75109862002, ""c"": 1362325.5843637406}"
870,"{""a"": 25119.030761796752, ""b"": -53261.99340818116, ""c"": 379482.9963545624}"
871,"{""a"": 13151.478985482461, ""b"": -27714.21160144498, ""c"": 193048.56136419994}"
872,"{""a"": 10743.722534249517, ""b"": 15319.051585485986, ""c"": -1338541.4590704888}"
873,"{""a"": -6242.596435562878, ""b"": 31594.24977025252, ""c"": -814976.4441363883}"
874,"{""a"": 953.9978027621208, ""b"": 31330.577895229682, ""c"": -1298305.501374207}"
875,"{""a"": 6881.616210911967, ""b"": 38546.44990808806, ""c"": -1989512.392908469}"
876,"{""a"": -18770.635986352285, ""b"": 30507.869944816066, ""c"": 87551.35373909136}"
877,"{""a"": -33540.7379150816, ""b"": 29835.53251390467, ""c"": 1127566.803320332}"
878,"{""a"": -32362.866210846405, ""b"": 27210.7306984846, ""c"": 1150230.503465543}"
879,"{""a"": -33528.378295698414, ""b"": 14305.776079857198, ""c"": 1739044.8677194165}"
880,"{""a"": 53814.358520497386, ""b"": 11057.28687951158, ""c"": -4127384.804273953}"
881,"{""a"": 49172.634887666194, ""b"": 9850.238396167508, ""c"": -3761200.4306790936}"
882,"{""a"": 26678.237915016405, ""b"": 9730.603745405606, ""c"": -2212446.0915716463}"
883,"{""a"": -63683.9813231266, ""b"": 10181.637752824361, ""c"": 3972722.3291917387}"
884,"{""a"": -46887.767028636365, ""b"": 24558.333811801902, ""c"": 2252807.3991837725}"
885,"{""a"": -22412.232971386777, ""b"": 10272.695025297078, ""c"": 1135723.469801852}"
886,"{""a"": 53417.230224669736, ""b"": -9213.884421003735, ""c"": -3302298.510597691}"
887,"{""a"": 44236.148071274845, ""b"": -3219.8730467655696, ""c"": -2908233.2899622926}"
888,"{""a"": 43278.74450699417, ""b"": 772.946346411889, ""c"": -2999923.0799463256}"
889,"{""a"": 49138.8519290314, ""b"": 7040.116612832484, ""c"": -3649456.425257199}"
890,"{""a"": 13511.260986366304, ""b"": 13142.130055181777, ""c"": -1443272.7962448534}"
891,"{""a"": -40482.00988744017, ""b"": 15122.124885021825, ""c"": 2186968.5446796305}"
892,"{""a"": -46552.50549313401, ""b"": 8809.40659460747, ""c"": 2852826.532789485}"
893,"{""a"": -56507.60192881086, ""b"": 10254.690372314595, ""c"": 3479654.7908197176}"
894,"{""a"": -57694.496155013665, ""b"": 17409.155273626122, ""c"": 3279095.063803348}"
895,"{""a"": 25123.49395751872, ""b"": 4605.869427815087, ""c"": -1905577.9994128163}"
896,"{""a"": 46872.01538084927, ""b"": -266.8255973696796, ""c"": -3207645.944901607}"
897,"{""a"": 56702.11971498213, ""b"": 2428.9349725529028, ""c"": -3989340.0477138353}"
898,"{""a"": 42841.04434740402, ""b"": -9054.02688416245, ""c"": -2584152.404504702}"
899,"{""a"": 14696.020507759384, ""b"": -11636.48609833153, ""c"": -548284.9584816287}"
900,"{""a"": 19146.368408096412, ""b"": 10314.99023446441, ""c"": -1717475.4492581899}"
901,"{""a"": 12102.815418492639, ""b"": 12523.14044750506, ""c"": -1321429.5690239712}"
902,"{""a"": -11948.620605482378, ""b"": 27306.01447604658, ""c"": -254501.74044573936}"
903,"{""a"": -6064.892578133745, ""b"": 31225.781249935164, ""c"": -812638.5920988946}"
904,"{""a"": -5392.117309608663, ""b"": 29970.005170023618, ""c"": -809283.7041363365}"
905,"{""a"": -3514.471435540107, ""b"": 33638.84420953026, ""c"": -1082741.3034459406}"
906,"{""a"": 2048.620605439057, ""b"": 35177.29204958227, ""c"": -1525076.2997800324}"
907,"{""a"": -12106.1370849863, ""b"": 41492.10420494093, ""c"": -802813.637425889}"
908,"{""a"": -23994.00329608252, ""b"": 26906.810087378675, ""c"": 587929.9483198972}"
909,"{""a"": -33140.24505612207, ""b"": 21278.100585868728, ""c"": 1437481.4565607684}"
910,"{""a"": -11399.620056011667, ""b"": 14087.639303711818, ""c"": 228951.6388324089}"
911,"{""a"": 59206.50329590107, ""b"": -8565.897863127771, ""c"": -3723796.8780446663}"
912,"{""a"": 33494.59533690098, ""b"": 2321.992761949725, ""c"": -2388266.807848584}"
913,"{""a"": 15645.382690434953, ""b"": 27581.29308361575, ""c"": -2158906.3641587207}"
914,"{""a"": -58883.615112223575, ""b"": 32996.13108913055, ""c"": 2743692.267751442}"
915,"{""a"": -56479.50439424144, ""b"": 23128.960822281806, ""c"": 2967655.3659948576}"
916,"{""a"": 19397.26867684478, ""b"": 7091.997931934198, ""c"": -1609367.8991808335}"
917,"{""a"": 40603.49121098343, ""b"": -711.5521599723725, ""c"": -2757712.1711816196}"
918,"{""a"": 36385.867309511996, ""b"": 12742.925666449184, ""c"": -2998548.2173831654}"
919,"{""a"": 41405.63049334497, ""b"": 17901.53664968189, ""c"": -3546617.4421698092}"
920,"{""a"": 33181.86950712508, ""b"": 28415.63361654585, ""c"": -3396384.1535818414}"
921,"{""a"": 7988.626098688934, ""b"": 42529.73058361052, ""c"": -2222636.1840091133}"
922,"{""a"": -23199.746703880384, ""b"": 29481.850298566205, ""c"": 433813.3891047605}"
923,"{""a"": -51931.13708491803, ""b"": 24591.150620312095, ""c"": 2600052.668071092}"
924,"{""a"": -59026.49230967284, ""b"": 30578.82869950382, ""c"": 2851372.4144530944}"
925,"{""a"": -53724.36676042209, ""b"": 22058.491785481077, ""c"": 2823053.7644335316}"
926,"{""a"": 47564.99176026546, ""b"": 10003.775562898503, ""c"": -3660151.412761084}"
927,"{""a"": 43431.756591800295, ""b"": -3007.048483394101, ""c"": -2863244.057625691}"
928,"{""a"": 54965.659466801226, ""b"": -728.4581800448068, ""c"": -3745542.815225064}"
929,"{""a"": 51381.5314797475, ""b"": 3950.476792305766, ""c"": -3683732.030882635}"
930,"{""a"": 83.9843749376618, ""b"": 13464.016544107775, ""c"": -533777.5884508267}"
931,"{""a"": 8151.745605312206, ""b"": 35.98632815609926, ""c"": -558187.7699371176}"
932,"{""a"": 857.235717754429, ""b"": 17486.01074219582, ""c"": -745742.4042268109}"
933,"{""a"": -18180.010986288245, ""b"": 16056.005859378402, ""c"": 616431.8075558253}"
934,"{""a"": -3659.600830073713, ""b"": 15754.980468768194, ""c"": -367751.6992172266}"
935,"{""a"": -9204.757690432363, ""b"": 18191.9677734551, ""c"": -83412.89467036113}"
936,"{""a"": -2352.365112317349, ""b"": 17082.98339848208, ""c"": -509808.7487221173}"
937,"{""a"": -4211.993408210107, ""b"": 20162.011718772592, ""c"": -503593.06779436365}"
938,"{""a"": -11276.998901404042, ""b"": 19026.000976599822, ""c"": 25948.132427425284}"
939,"{""a"": -14549.6337890943, ""b"": 23668.994140707833, ""c"": 67488.68139879173}"
940,"{""a"": -35886.37390129536, ""b"": 23031.005859334786, ""c"": 1556833.0019332499}"
941,"{""a"": 17434.1217039964, ""b"": 6633.007812576401, ""c"": -1456029.020338728}"
942,"{""a"": 52651.12609865257, ""b"": 8225.024413988285, ""c"": -3935801.589563706}"
943,"{""a"": 22352.61840817837, ""b"": 13672.998046914538, ""c"": -2070972.5621361916}"
944,"{""a"": -16789.498901349223, ""b"": 28551.977539096326, ""c"": 29261.385868896807}"
945,"{""a"": -43099.88708490802, ""b"": 38238.989257869674, ""c"": 1453493.6705284591}"
946,"{""a"": -42367.48352026782, ""b"": 20983.984374847874, ""c"": 2083394.5773850675}"
947,"{""a"": 46029.39147975851, ""b"": -87.01171886267548, ""c"": -3154827.455645099}"
948,"{""a"": 30466.13159182848, ""b"": -7379.003906272745, ""c"": -1798828.2176704435}"
949,"{""a"": 22458.334350558416, ""b"": 1305.0048828613362, ""c"": -1591304.874527437}"
950,"{""a"": 26888.653564621527, ""b"": 21716.992187452164, ""c"": -2700150.799037015}"
951,"{""a"": 13803.744507003135, ""b"": 41915.991210887594, ""c"": -2597813.348244327}"
952,"{""a"": 2406.362915163753, ""b"": 50773.02246092469, ""c"": -2164218.775918753}"
953,"{""a"": 2019.396972753727, ""b"": 45641.01562492864, ""c"": -1935341.4331958168}"
954,"{""a"": -52430.63049312173, ""b"": 28286.987304582057, ""c"": 2488665.1357887886}"
955,"{""a"": -58137.78076184279, ""b"": 22285.986328238898, ""c"": 3117243.7862131363}"
956,"{""a"": -31258.108520706588, ""b"": 9572.998046983965, ""c"": 1771900.5376303275}"
957,"{""a"": 57543.750000039574, ""b"": -7882.006836024302, ""c"": -3640611.969464765}"
958,"{""a"": 53397.015380874356, ""b"": -13322.021484326571, ""c"": -3141276.4549666215}"
959,"{""a"": 43402.22598795186, ""b"": -13411.010742119543, ""c"": -2451050.179843102}"
960,"{""a"": 25555.776079924264, ""b"": 17482.00683597918, ""c"": -2442559.7686555777}"
961,"{""a"": -10098.022460935468, ""b"": 43069.99511720707, ""c"": -1001195.451783138}"
